English,Hausa
Good morning.,Ina kwana.
Good afternoon.,Barka da rana.
Good evening.,Barka da yamma.
How are you?,Yaya kake?
I am fine.,Lafiya lau.
Thank you.,Na gode.
You are welcome.,Babu komai.
What is your name?,Menene sunanka?
My name is Musa.,Sunana Musa.
Nice to meet you.,Na yi farin cikin haɗuwa da kai.
How is your day?,Yaya ranarka take?
How was your night?,Yaya daren ka ya kasance?
I am very well.,Ina cikin koshin lafiya sosai.
I am happy.,Ina farin ciki.
I am sad.,Ina baƙin ciki.
I am tired.,Na gaji.
I am hungry.,Ina jin yunwa.
I am thirsty.,Ina jin ƙishirwa.
I am ready.,Na shirya.
Please sit down.,Don Allah zauna.
Please come in.,Don Allah shigo.
Please wait.,Don Allah jira.
Come here.,Zo nan.
Go there.,Je can.
Listen to me.,Saurare ni.
Look at this.,Duba wannan.
Do not worry.,Kada ka damu.
See you tomorrow.,Sai gobe.
See you later.,Sai an jima.
Have a nice day.,Allah ya sa ka yi yini lafiya.
Good night.,Sai da safe.
Where are you?,Ina kake?
Where are you going?,Ina za ka?
Where do you live?,Ina kake zama?
What are you doing?,Me kake yi?
What happened?,Me ya faru?
What do you want?,Me kake so?
What do you need?,Me kake buƙata?
Who is that?,Wane ne wancan?
Who are you?,Wane ne kai?
Why are you late?,Me ya sa ka makara?
When will you come?,Yaushe za ka zo?
Can you help me?,Za ka iya taimaka mini?
I need your help.,Ina buƙatar taimakonka.
I understand.,Na fahimta.
I do not understand.,Ban fahimta ba.
Please speak slowly.,Don Allah yi magana a hankali.
Please repeat that.,Don Allah maimaita hakan.
That is good.,Hakan yana da kyau.
That is not good.,Hakan ba shi da kyau.
I am at home.,Ina gida.
I am outside.,Ina waje.
I am inside.,Ina ciki.
I am coming.,Ina zuwa.
I am going.,Ina tafiya.
I will come tomorrow.,Zan zo gobe.
I came yesterday.,Na zo jiya.
I will call you.,Zan kira ka.
Call me later.,Kira ni daga baya.
Send me a message.,Aiko mini da saƙo.
I am busy.,Ina aiki.
I am free now.,Yanzu ina da lokaci.
I have time.,Ina da lokaci.
I have no time.,Ba ni da lokaci.
Wait for me.,Jira ni.
Follow me.,Bi ni.
Stay here.,Zauna a nan.
Come with me.,Zo tare da ni.
Let us go.,Mu tafi.
Let us start.,Mu fara.
Let us eat.,Mu ci abinci.
Let us go home.,Mu tafi gida.
I like this.,Ina son wannan.
I do not like this.,Ba na son wannan.
I like Hausa.,Ina son Hausa.
I speak Hausa.,Ina jin Hausa.
I speak English.,Ina jin Turanci.
Do you speak Hausa?,Kana jin Hausa?
Do you speak English?,Kana jin Turanci?
I am learning Hausa.,Ina koyon Hausa.
I am learning English.,Ina koyon Turanci.
Can you hear me?,Kana iya jin ni?
I can hear you.,Ina iya jin ka.
I cannot hear you.,Ba na iya jin ka.
Can you see me?,Kana iya ganina?
I can see you.,Ina iya ganinka.
I cannot see you.,Ba na iya ganinka.
Please help me.,Don Allah taimaka mini.
Thank you for your help.,Na gode da taimakonka.
You helped me.,Ka taimake ni.
I need water.,Ina buƙatar ruwa.
Give me some water.,Ba ni ruwa.
I need food.,Ina buƙatar abinci.
The food is ready.,Abincin ya shirya.
The water is cold.,Ruwan yana da sanyi.
The water is hot.,Ruwan yana da zafi.
I am going to school.,Ina zuwa makaranta.
I am at school.,Ina makaranta.
The teacher is here.,Malamin yana nan.
The students are learning.,Dalibai suna koyo.
My father is at home.,Mahaifina yana gida.
My mother is at home.,Mahaifiyata tana gida.
My brother is here.,Ɗan'uwana yana nan.
My sister is here.,'Yar'uwata tana nan.
I have two brothers.,Ina da 'yan'uwa maza biyu.
I have two sisters.,Ina da 'yan'uwa mata biyu.
This is my father.,Wannan mahaifina ne.
This is my mother.,Wannan mahaifiyata ce.
This is my brother.,Wannan ɗan'uwana ne.
This is my sister.,Wannan 'yar'uwata ce.
My parents are at home.,Iyayena suna gida.
My family is large.,Iyalina suna da girma.
My family is small.,Iyalina ƙanana ne.
I love my family.,Ina son iyalina.
My father is working.,Mahaifina yana aiki.
My mother is cooking.,Mahaifiyata tana girki.
My brother is sleeping.,Ɗan'uwana yana barci.
My sister is reading.,'Yar'uwata tana karatu.
The children are playing.,Yara suna wasa.
The child is sleeping.,Yaron yana barci.
The baby is crying.,Jaririn yana kuka.
The baby is sleeping.,Jaririn yana barci.
My friend is coming.,Abokina yana zuwa.
My friend is waiting for me.,Abokina yana jirana.
I am visiting my family.,Ina ziyartar iyalina.
We are at home.,Muna gida.
We are going home.,Muna tafiya gida.
They are at home.,Suna gida.
They are coming tomorrow.,Za su zo gobe.
My family is happy.,Iyalina suna farin ciki.
I live with my family.,Ina zama tare da iyalina.
I live with my parents.,Ina zama tare da iyayena.
My house is big.,Gidana yana da girma.
My house is small.,Gidana ƙarami ne.
The door is open.,Ƙofar a buɗe take.
The door is closed.,An rufe ƙofar.
Open the door.,Buɗe ƙofar.
Close the door.,Rufe ƙofar.
Open the window.,Buɗe taga.
Close the window.,Rufe taga.
The room is clean.,Ɗakin yana da tsabta.
The room is dirty.,Ɗakin yana da datti.
Clean the room.,Tsaftace ɗakin.
The house is clean.,Gidan yana da tsabta.
The house is beautiful.,Gidan yana da kyau.
There is a chair in the room.,Akwai kujera a cikin ɗakin.
There is a table in the room.,Akwai tebur a cikin ɗakin.
Sit on the chair.,Zauna a kan kujera.
Put the book on the table.,Sanya littafin a kan tebur.
Where is my book?,Ina littafina yake?
My book is here.,Littafina yana nan.
I am going to school.,Ina zuwa makaranta.
I am in the classroom.,Ina cikin ajin.
The teacher is teaching.,Malamin yana koyarwa.
The teacher is writing on the board.,Malamin yana rubutu a kan allo.
The student is reading.,Dalibin yana karatu.
The students are in the classroom.,Dalibai suna cikin aji.
I have a book.,Ina da littafi.
I have a pen.,Ina da alƙalami.
Where is your book?,Ina littafinka yake?
Where is your teacher?,Ina malaminka yake?
What are you learning?,Me kake koya?
I am learning mathematics.,Ina koyon lissafi.
I am learning English.,Ina koyon Turanci.
I am learning Hausa.,Ina koyon Hausa.
I like my teacher.,Ina son malamina.
My teacher is kind.,Malamina yana da kirki.
The lesson has started.,Darasin ya fara.
The lesson is finished.,An gama darasin.
The students are ready.,Dalibai sun shirya.
The students are listening.,Dalibai suna sauraro.
The students are writing.,Dalibai suna rubutu.
The students are reading.,Dalibai suna karatu.
I am doing my homework.,Ina yin aikin gida na.
I finished my homework.,Na gama aikin gida na.
I need a pen.,Ina buƙatar alƙalami.
Give me a book.,Ba ni littafi.
Give me a pen.,Ba ni alƙalami.
Please open your book.,Don Allah buɗe littafinka.
Please close your book.,Don Allah rufe littafinka.
Read this sentence.,Karanta wannan jimla.
Write this sentence.,Rubuta wannan jimla.
Read the question.,Karanta tambayar.
Answer the question.,Amsa tambayar.
Ask the teacher.,Tambayi malamin.
Listen to the teacher.,Saurari malamin.
Do your homework.,Yi aikin gidanka.
Come to school early.,Zo makaranta da wuri.
Do not come late.,Kada ka zo a makare.
The school is near my house.,Makarantar tana kusa da gidana.
The school is far from my house.,Makarantar tana nesa da gidana.
I go to school every day.,Ina zuwa makaranta kowace rana.
We study together.,Muna karatu tare.
We learn together.,Muna koyo tare.
I want to pass my examination.,Ina son in ci jarabawata.
The examination is tomorrow.,Jarabawar gobe ce.
I am preparing for the examination.,Ina shirin jarabawa.
I passed the examination.,Na ci jarabawar.
I did not pass the examination.,Ban ci jarabawar ba.
I have a headache.,Ina jin ciwon kai.
My stomach hurts.,Cikina yana ciwo.
I have a fever.,Ina da zazzabi.
I have a cough.,Ina tari.
I have a cold.,Ina mura.
My throat hurts.,Makogwarona yana ciwo.
My back hurts.,Bayana yana ciwo.
My leg hurts.,Ƙafata tana ciwo.
My arm hurts.,Hannuna yana ciwo.
My tooth hurts.,Haƙorina yana ciwo.
I feel sick.,Ina jin rashin lafiya.
I feel better now.,Yanzu ina jin sauƙi.
I need to see a doctor.,Ina buƙatar ganin likita.
Where is the hospital?,Ina asibitin yake?
Take me to the hospital.,Kai ni asibiti.
The doctor is here.,Likitan yana nan.
The nurse is here.,Nasarar tana nan.
I need medicine.,Ina buƙatar magani.
Take this medicine.,Sha wannan maganin.
Take the medicine twice a day.,Sha maganin sau biyu a rana.
I have an appointment.,Ina da alƙawari.
The patient is sleeping.,Majinyacin yana barci.
The patient is feeling better.,Majinyacin yana jin sauƙi.
The patient needs help.,Majinyacin yana buƙatar taimako.
Please call a doctor.,Don Allah kira likita.
Call an ambulance.,Kira motar asibiti.
I am injured.,Na ji rauni.
I fell down.,Na faɗi ƙasa.
I need first aid.,Ina buƙatar agajin gaggawa.
I am allergic to this medicine.,Wannan maganin yana sa ni rashin lafiya.
I need to buy food.,Ina buƙatar sayen abinci.
I am going to the market.,Ina zuwa kasuwa.
Where is the market?,Ina kasuwar take?
How much is this?,Nawa ne wannan?
How much does it cost?,Nawa ne kuɗinsa?
That is too expensive.,Wannan ya yi tsada sosai.
Can you reduce the price?,Za ka iya rage farashin?
I want to buy this.,Ina son in sayi wannan.
I do not want this.,Ba na son wannan.
Give me a cheaper one.,Ba ni wanda ya fi araha.
Do you have another one?,Kana da wani?
Do you have this in another size?,Kana da wannan a wani girma?
I need a large size.,Ina buƙatar babban girma.
I need a small size.,Ina buƙatar ƙaramin girma.
I want a different color.,Ina son wani launi dabam.
This is good quality.,Wannan yana da inganci.
This is poor quality.,Wannan ba shi da inganci.
I will buy it.,Zan saya.
I do not have enough money.,Ba ni da isasshen kuɗi.
I have enough money.,Ina da isasshen kuɗi.
Do you accept cash?,Kuna karɓar kuɗi?
Can I pay by phone?,Zan iya biya ta waya?
Give me a receipt.,Ba ni rasit.
I need a bag.,Ina buƙatar jaka.
Put it in the bag.,Sanya shi a cikin jaka.
The shop is open.,Shagon a buɗe yake.
The shop is closed.,An rufe shagon.
What do you sell?,Me kuke sayarwa?
I want to buy rice.,Ina son in sayi shinkafa.
I want to buy bread.,Ina son in sayi burodi.
I want to buy sugar.,Ina son in sayi sukari.
I want to buy milk.,Ina son in sayi madara.
I want to buy water.,Ina son in sayi ruwa.
I am hungry.,Ina jin yunwa.
I am thirsty.,Ina jin ƙishirwa.
The food is delicious.,Abincin yana da daɗi.
The food is hot.,Abincin yana da zafi.
The food is cold.,Abincin yana da sanyi.
The food is ready.,Abincin ya shirya.
I want to eat.,Ina son in ci abinci.
What are we eating?,Me za mu ci?
What did you cook?,Me ka dafa?
I am cooking rice.,Ina dafa shinkafa.
I am cooking food.,Ina dafa abinci.
Wash your hands before eating.,Wanke hannunka kafin cin abinci.
Drink some water.,Sha ruwa.
Eat slowly.,Ci a hankali.
Do not eat too much.,Kada ka ci da yawa.
I like rice.,Ina son shinkafa.
I like meat.,Ina son nama.
I like fish.,Ina son kifi.
I like vegetables.,Ina son kayan lambu.
I do not eat meat.,Ba na cin nama.
I do not drink milk.,Ba na shan madara.
The water is clean.,Ruwan yana da tsabta.
The water is dirty.,Ruwan yana da datti.
I need a spoon.,Ina buƙatar cokali.
I need a plate.,Ina buƙatar faranti.
Bring a cup.,Kawo kofi.
Bring a bottle of water.,Kawo kwalbar ruwa.
The table is ready.,An shirya teburin.
We are eating together.,Muna cin abinci tare.
Let's have breakfast.,Mu yi karin kumallo.
Let's have lunch.,Mu yi abincin rana.
Let's have dinner.,Mu yi abincin dare.
I am full.,Na ƙoshi.
The food is finished.,Abincin ya ƙare.
I wake up early.,Ina tashi da wuri.
I wake up at six o'clock.,Ina tashi da ƙarfe shida.
I wake up every morning.,Ina tashi kowace safiya.
I get out of bed.,Ina tashi daga kan gado.
I wash my face.,Ina wanke fuskata.
I brush my teeth.,Ina goge haƙorana.
I take a shower.,Ina yin wanka.
I get dressed.,Ina sa tufafina.
I wear clean clothes.,Ina sanya tufafi masu tsabta.
I prepare for the day.,Ina shirya domin ranar.
I eat breakfast every morning.,Ina cin karin kumallo kowace safiya.
I leave home early.,Ina barin gida da wuri.
I return home in the evening.,Ina komawa gida da yamma.
I arrive home safely.,Ina isa gida lafiya.
I rest after work.,Ina hutawa bayan aiki.
I sleep early.,Ina kwanciya da wuri.
I sleep late.,Ina kwanciya da dare.
I am still awake.,Har yanzu ban yi barci ba.
I am tired.,Na gaji.
I am very tired.,Na gaji sosai.
I need to rest.,Ina buƙatar hutawa.
I need some sleep.,Ina buƙatar yin barci.
I had a busy day.,Na yi rana mai cike da aiki.
Today was a good day.,Yau rana ce mai kyau.
Today was a difficult day.,Yau rana ce mai wahala.
Tomorrow will be better.,Gobe za ta fi kyau.
Yesterday was busy.,Jiya tana da yawan aiki.
What time is it?,Wane lokaci ne?
It is morning.,Lokacin safe ne.
It is afternoon.,Lokacin rana ne.
It is evening.,Lokacin yamma ne.
It is night.,Lokacin dare ne.
I am ready.,Na shirya.
I am not ready.,Ban shirya ba.
Are you ready?,Ka shirya?
We are ready to go.,Mun shirya tafiya.
Wait a moment.,Jira na ɗan lokaci.
Wait here.,Jira a nan.
Wait for me here.,Jira ni a nan.
Come here.,Zo nan.
Go there.,Je can.
Come inside.,Shigo ciki.
Go outside.,Fita waje.
Come back.,Dawo.
Go back.,Koma.
Sit down.,Zauna.
Stand up.,Tashi tsaye.
Be careful.,Yi hankali.
Take care of yourself.,Ka kula da kanka.
Do not worry.,Kada ka damu.
I am not worried.,Ban damu ba.
Everything is fine.,Komai yana lafiya.
Everything is ready.,Komai ya shirya.
Something is wrong.,Akwai matsala.
There is no problem.,Babu matsala.
What happened?,Me ya faru?
Nothing happened.,Babu abin da ya faru.
I understand.,Na fahimta.
I do not understand.,Ban fahimta ba.
Do you understand?,Ka fahimta?
Please explain it.,Don Allah bayyana shi.
Explain it to me.,Bayyana shi mini.
Say it again.,Faɗa shi kuma.
Please speak slowly.,Don Allah yi magana a hankali.
Speak louder please.,Don Allah yi magana da ƙarfi.
I cannot hear you clearly.,Ba na jin ka sosai.
Can you repeat that?,Za ka iya maimaita hakan?
What do you mean?,Me kake nufi?
That is what I mean.,Abin da nake nufi ke nan.
I know.,Na sani.
I do not know.,Ban sani ba.
Do you know?,Ka sani?
I remember.,Na tuna.
I do not remember.,Ban tuna ba.
I forgot.,Na manta.
Please remind me.,Don Allah tunatar da ni.
I agree.,Na yarda.
I disagree.,Ban yarda ba.
You are right.,Kana da gaskiya.
You are wrong.,Ba ka da gaskiya.
I think so.,Ina ganin haka.
I do not think so.,Ba na ganin haka.
Maybe.,Wataƙila.
Of course.,Tabbas.
Certainly.,Hakika.
Not yet.,Ba tukuna ba.
Already.,Tuni.
Right now.,Yanzu nan.
Later.,Daga baya.
Soon.,Ba da daɗewa ba.
Very soon.,Ba da daɗewa sosai ba.
Sometimes.,Wani lokaci.
Always.,Koyaushe.
Never.,Ba taɓa ba.
Usually.,Yawanci.
Every day.,Kowace rana.
Every week.,Kowace mako.
Every month.,Kowane wata.
Every year.,Kowace shekara.
This morning.,Wannan safiyar.
This afternoon.,Wannan rana.
Tonight.,Yau da dare.
Tomorrow morning.,Gobe da safe.
Tomorrow evening.,Gobe da yamma.
Yesterday morning.,Jiya da safe.
Last night.,Jiya da dare.
Next week.,Mako mai zuwa.
Last week.,Makon da ya gabata.
Next month.,Wata mai zuwa.
Last month.,Watan da ya gabata.
Next year.,Shekara mai zuwa.
Last year.,Shekarar da ta gabata.
My family lives here.,Iyalina suna zama a nan.
My father works here.,Mahaifina yana aiki a nan.
My mother works at home.,Mahaifiyata tana aiki a gida.
My older brother is married.,Babban ɗan'uwana ya yi aure.
My younger brother is a student.,Ƙaramin ɗan'uwana ɗalibi ne.
My older sister is married.,Babbar 'yar'uwata ta yi aure.
My younger sister is a student.,Ƙaramar 'yar'uwata ɗaliba ce.
I have one brother.,Ina da ɗan'uwa namiji ɗaya.
I have one sister.,Ina da 'yar'uwa mace ɗaya.
I have many friends.,Ina da abokai da yawa.
My best friend is here.,Babban abokina yana nan.
My friend lives nearby.,Abokina yana zama kusa.
My friend lives far away.,Abokina yana zama da nisa.
We grew up together.,Mun girma tare.
We went to school together.,Mun yi makaranta tare.
We work together.,Muna aiki tare.
We live together.,Muna zama tare.
We eat together.,Muna cin abinci tare.
We pray together.,Muna yin addu'a tare.
We help each other.,Muna taimakon juna.
My parents are happy.,Iyayena suna farin ciki.
My father is a farmer.,Mahaifina manomi ne.
My mother is a teacher.,Mahaifiyata malama ce.
My brother is a doctor.,Ɗan'uwana likita ne.
My sister is a nurse.,'Yar'uwata nas ce.
My uncle is a businessman.,Kawuna ɗan kasuwa ne.
My aunt lives nearby.,Goggona tana zama kusa.
My grandfather is old.,Kakana ya tsufa.
My grandmother is old.,Kakata ta tsufa.
My grandfather is resting.,Kakana yana hutawa.
My grandmother is cooking.,Kakata tana girki.
The children are at home.,Yaran suna gida.
The children are hungry.,Yaran suna jin yunwa.
The children are thirsty.,Yaran suna jin ƙishirwa.
The children are sleeping.,Yaran suna barci.
The children are studying.,Yaran suna karatu.
The children are playing outside.,Yaran suna wasa a waje.
Take care of the children.,Kula da yaran.
Call your brother.,Kira ɗan'uwanka.
Call your sister.,Kira 'yar'uwarka.
Call your father.,Kira mahaifinka.
Call your mother.,Kira mahaifiyarka.
Visit your parents.,Ziyarci iyayenka.
Respect your parents.,Girmama iyayenka.
Help your family.,Taimaki iyalinka.
Love your family.,Ka so iyalinka.
Where does your father live?,Ina mahaifinka yake zama?
Where does your mother work?,Ina mahaifiyarka take aiki?
How many brothers do you have?,'Yan'uwa maza nawa kake da su?
How many sisters do you have?,'Yan'uwa mata nawa kake da su?
Are you married?,Ka yi aure?
I am married.,Na yi aure.
I am not married.,Ban yi aure ba.
I have children.,Ina da yara.
I have three children.,Ina da yara uku.
My son is young.,Ɗana ƙarami ne.
My daughter is young.,'Yata ƙarama ce.
My son is at school.,Ɗana yana makaranta.
My daughter is at school.,'Yata tana makaranta.
My child is sick.,Yaro na ba shi da lafiya.
My child is healthy.,Yaro na yana da lafiya.
The baby is hungry.,Jaririn yana jin yunwa.
Give the baby food.,Ba wa jaririn abinci.
Give the baby water.,Ba wa jaririn ruwa.
The baby is smiling.,Jaririn yana murmushi.
The baby is awake.,Jaririn yana farke.
The baby is crying loudly.,Jaririn yana kuka da ƙarfi.
The baby is sleeping peacefully.,Jaririn yana barci lafiya.
The house has three rooms.,Gidan yana da ɗakuna uku.
My bedroom is clean.,Ɗakin barcina yana da tsabta.
The kitchen is clean.,Kicin ɗin yana da tsabta.
The bathroom is clean.,Bandakin yana da tsabta.
The floor is dirty.,Ƙasan ɗakin yana da datti.
Sweep the floor.,Share ƙasan ɗakin.
Wash the clothes.,Wanke tufafin.
Dry the clothes.,Busar da tufafin.
Fold the clothes.,Ninke tufafin.
Iron the clothes.,Guga tufafin.
Wash the dishes.,Wanke kwanukan.
Clean the kitchen.,Tsaftace kicin.
Clean the bathroom.,Tsaftace bandaki.
Clean the house.,Tsaftace gidan.
Open the gate.,Buɗe ƙofa.
Close the gate.,Rufe ƙofa.
Lock the door.,Kulle ƙofar.
Unlock the door.,Buɗe makullin ƙofar.
Where are the keys?,Ina makullan suke?
I lost my keys.,Na rasa makullaina.
I found my keys.,Na sami makullaina.
The light is on.,An kunna hasken.
Turn on the light.,Kunna hasken.
Turn off the light.,Kashe hasken.
Turn on the fan.,Kunna fanka.
Turn off the fan.,Kashe fanka.
The electricity is off.,Wutar lantarki ta yanke.
There is no electricity.,Babu wutar lantarki.
The electricity has returned.,Wutar lantarki ta dawo.
Charge the phone.,Caja wayar.
My phone is charging.,Wayata tana caji.
My phone is fully charged.,Wayata ta cika da caji.
My phone battery is low.,Batirin wayata ya yi ƙasa.
Where is my phone?,Ina wayata take?
I cannot find my phone.,Ba na iya samun wayata.
I found my phone.,Na sami wayata.
My phone is ringing.,Wayata tana ringing.
Answer the phone.,Dauki wayar.
Call me on the phone.,Kira ni ta waya.
Send me a message.,Aiko mini da saƙo.
I sent you a message.,Na aiko maka da saƙo.
Did you receive my message?,Ka karɓi saƙona?
I received your message.,Na karɓi saƙonka.
The network is slow.,Network ɗin yana da jinkiri.
The network is working.,Network ɗin yana aiki.
I have internet access.,Ina da damar amfani da intanet.
The internet is not working.,Intanet ba ya aiki.
Turn on the data.,Kunna data.
Turn off the data.,Kashe data.
Connect to the internet.,Haɗa da intanet.
The password is wrong.,Kalmar sirri ba daidai ba ce.
Enter your password.,Shigar da kalmar sirrinka.
I forgot my password.,Na manta kalmar sirrina.
Create a new password.,Ƙirƙiri sabuwar kalmar sirri.
The computer is on.,Kwamfutar tana kunne.
The computer is off.,Kwamfutar a kashe take.
Turn on the computer.,Kunna kwamfutar.
Turn off the computer.,Kashe kwamfutar.
The computer is slow.,Kwamfutar tana da jinkiri.
The computer is working.,Kwamfutar tana aiki.
Open the file.,Buɗe fayil ɗin.
Close the file.,Rufe fayil ɗin.
Save the file.,Ajiye fayil ɗin.
Delete the file.,Goge fayil ɗin.
Print the document.,Buga takardar.
Send the document.,Aika takardar.
Read the document.,Karanta takardar.
Write the document.,Rubuta takardar.
The printer is working.,Na'urar bugawa tana aiki.
The printer is not working.,Na'urar bugawa ba ta aiki.
I need a computer.,Ina buƙatar kwamfuta.
I need a new phone.,Ina buƙatar sabuwar waya.
My phone is new.,Wayata sabuwa ce.
My phone is old.,Wayata tsohuwa ce.
My computer is new.,Kwamfutata sabuwa ce.
My computer is old.,Kwamfutata tsohuwa ce.
I use a laptop.,Ina amfani da kwamfutar tafi-da-gidanka.
I use a smartphone.,Ina amfani da wayar zamani.
I am studying computer science.,Ina karatun kimiyyar kwamfuta.
I am learning programming.,Ina koyon shirye-shiryen kwamfuta.
I am working on a project.,Ina aiki a kan wani aiki.
The project is important.,Aikin yana da muhimmanci.
I finished the project.,Na gama aikin.
I need more time.,Ina buƙatar ƙarin lokaci.
I need more information.,Ina buƙatar ƙarin bayani.
Please send me the information.,Don Allah aiko mini da bayanin.
Where can I find the information?,Ina zan sami bayanin?
I found the information.,Na sami bayanin.
The information is correct.,Bayanin daidai ne.
The information is useful.,Bayanin yana da amfani.
I need your help.,Ina buƙatar taimakonka.
Can you help me?,Za ka iya taimaka mini?
I will help you.,Zan taimake ka.
We can help you.,Za mu iya taimaka maka.
Thank you for helping me.,Na gode da taimaka mini.
You are very helpful.,Kana da taimako sosai.
Please be patient.,Don Allah yi haƙuri.
I am waiting for you.,Ina jiranka.
I have been waiting for a long time.,Na daɗe ina jira.
The bus is coming.,Motar bas tana zuwa.
The bus has arrived.,Motar bas ta iso.
The bus has left.,Motar bas ta tafi.
I am waiting for the bus.,Ina jiran motar bas.
Where is the bus stop?,Ina tashar bas take?
Where is the taxi stand?,Ina tashar tasi take?
I need a taxi.,Ina buƙatar tasi.
Call a taxi for me.,Kira mini tasi.
Take me to the market.,Kai ni kasuwa.
Take me to the hospital.,Kai ni asibiti.
Take me to the school.,Kai ni makaranta.
Take me home.,Kai ni gida.
How much is the fare?,Nawa ne kuɗin mota?
The fare is expensive.,Kuɗin mota yana da tsada.
The fare is cheap.,Kuɗin mota yana da sauƙi.
I will pay the fare.,Zan biya kuɗin mota.
Stop here please.,Tsaya a nan don Allah.
Stop at the next station.,Tsaya a tashar gaba.
Drive slowly.,Tuƙa a hankali.
Drive carefully.,Tuƙa da hankali.
Do not drive fast.,Kada ka tuƙa da sauri.
The road is busy.,Hanyar tana da cunkoso.
The road is empty.,Hanyar babu cunkoso.
The road is bad.,Hanyar ba ta da kyau.
The road is good.,Hanyar tana da kyau.
The road is long.,Hanyar tana da tsawo.
The road is short.,Hanyar gajera ce.
Where is this road going?,Ina wannan hanyar take zuwa?
Which road should I take?,Wace hanya zan bi?
Turn left.,Juya hagu.
Turn right.,Juya dama.
Go straight.,Tafi kai tsaye.
The place is nearby.,Wurin yana kusa.
The place is far away.,Wurin yana da nisa.
How far is the place?,Nawa ne nisan wurin?
We are almost there.,Kusan mun isa.
We have arrived.,Mun isa.
I am lost.,Na ɓace.
Can you show me the way?,Za ka iya nuna mini hanya?
Where is the nearest market?,Ina kasuwar da ta fi kusa?
Where is the nearest hospital?,Ina asibitin da ya fi kusa?
Where is the nearest police station?,Ina ofishin 'yan sanda mafi kusa?
Where is the nearest bank?,Ina bankin da ya fi kusa?
Where is the nearest hotel?,Ina otal ɗin da ya fi kusa?
I need directions.,Ina buƙatar kwatance.
Show me on the map.,Nuna mini a taswira.
This place is beautiful.,Wannan wurin yana da kyau.
The city is busy.,Birnin yana da cunkoso.
The village is quiet.,Ƙauyen yana da shiru.
I live in the city.,Ina zama a birni.
I live in the village.,Ina zama a ƙauye.
I am travelling today.,Ina tafiya yau.
I am travelling tomorrow.,Ina tafiya gobe.
I am going on a trip.,Zan yi tafiya.
When are you travelling?,Yaushe za ka yi tafiya?
Where are you travelling to?,Ina za ka yi tafiya?
I am travelling with my family.,Ina tafiya tare da iyalina.
I am travelling alone.,Ina tafiya ni kaɗai.
I need a ticket.,Ina buƙatar tikiti.
Where can I buy a ticket?,Ina zan sayi tikiti?
I bought a ticket.,Na sayi tikiti.
Show me your ticket.,Nuna mini tikitinka.
Keep your ticket safe.,Ajiye tikitinka lafiya.
The journey is long.,Tafiyar tana da tsawo.
The journey is short.,Tafiyar gajera ce.
The journey was good.,Tafiyar ta yi kyau.
The journey was difficult.,Tafiyar ta kasance mai wahala.
I arrived safely.,Na isa lafiya.
I am going to another city.,Ina zuwa wani birni.
I am coming from another city.,Ina zuwa daga wani birni.
Where are you from?,Daga ina kake?
I am from Nigeria.,Ni daga Najeriya nake.
I am from this town.,Ni daga wannan garin nake.
I live in Nigeria.,Ina zama a Najeriya.
Nigeria is a large country.,Najeriya ƙasa ce mai girma.
I like this city.,Ina son wannan birnin.
I like this place.,Ina son wannan wurin.
The weather is good today.,Yanayin yau yana da kyau.
The weather is bad today.,Yanayin yau ba shi da kyau.
It is very hot today.,Yau akwai zafi sosai.
It is very cold today.,Yau akwai sanyi sosai.
The sun is shining.,Rana tana haskawa.
The sky is clear.,Sama tana da haske.
The sky is cloudy.,Sama tana da gajimare.
It is raining.,Ana ruwa.
It is raining heavily.,Ana ruwan sama sosai.
The rain has stopped.,Ruwan sama ya tsaya.
The rain is coming.,Ruwan sama yana zuwa.
There is a strong wind.,Akwai iska mai ƙarfi.
The wind is blowing.,Iska tana busawa.
The weather is changing.,Yanayi yana canzawa.
Bring an umbrella.,Kawo laima.
Take an umbrella with you.,Ɗauki laima tare da kai.
Do not go outside in the rain.,Kada ka fita waje cikin ruwan sama.
The road is wet.,Hanyar tana da jika.
The ground is wet.,Ƙasa tana da jika.
The sun is hot.,Rana tana da zafi.
The morning is cold.,Safiya tana da sanyi.
The evening is cool.,Yamma tana da sanyi.
I like cold weather.,Ina son yanayin sanyi.
I like hot weather.,Ina son yanayin zafi.
The weather is comfortable.,Yanayin yana da daɗi.
The farmer is working.,Manomin yana aiki.
The farmers are working.,Manoma suna aiki.
The farm is large.,Gonaki tana da girma.
The farm is small.,Gonar ƙarama ce.
I am going to the farm.,Ina zuwa gona.
I am working on the farm.,Ina aiki a gona.
We are planting crops.,Muna shuka amfanin gona.
We are harvesting crops.,Muna girbin amfanin gona.
The crops are growing.,Amfanin gona yana girma.
The crops are ready.,Amfanin gona ya shirya.
The soil is fertile.,Ƙasar tana da kyau.
The soil is dry.,Ƙasar ta bushe.
The soil is wet.,Ƙasar tana da danshi.
We need water for the crops.,Muna buƙatar ruwa domin amfanin gona.
Water the plants.,Shayar da tsire-tsiren.
The plants need water.,Tsire-tsiren suna buƙatar ruwa.
The farmer has a tractor.,Manomin yana da tarakta.
The tractor is working.,Tarakta tana aiki.
The tractor is broken.,Tarakta ta lalace.
Repair the tractor.,Gyara taraktan.
The harvest is good.,Girbin yana da kyau.
The harvest is poor.,Girbin ba shi da kyau.
We harvested rice.,Mun girbi shinkafa.
We harvested maize.,Mun girbi masara.
We planted maize.,Mun shuka masara.
We planted rice.,Mun shuka shinkafa.
We planted millet.,Mun shuka gero.
We planted beans.,Mun shuka wake.
The maize is growing.,Masara tana girma.
The rice is growing.,Shinkafa tana girma.
The beans are growing.,Wake yana girma.
The farmer needs seeds.,Manomin yana buƙatar iri.
The farmer needs fertilizer.,Manomin yana buƙatar taki.
The farmer needs water.,Manomin yana buƙatar ruwa.
Buy good seeds.,Sayi iri masu kyau.
Plant the seeds.,Shuka iren.
Water the farm.,Shayar da gona.
Protect the crops.,Kare amfanin gona.
Remove the weeds.,Cire ciyawar.
The weeds are growing.,Ciyawa tana girma.
The animals are on the farm.,Dabbobi suna gona.
The cow is eating grass.,Saniya tana cin ciyawa.
The goat is eating grass.,Akuya tana cin ciyawa.
The sheep is eating grass.,Tunkiya tana cin ciyawa.
The farmer has cows.,Manomin yana da shanu.
The farmer has goats.,Manomin yana da awaki.
The farmer has sheep.,Manomin yana da tumaki.
The farmer has chickens.,Manomin yana da kaji.
The chicken is laying eggs.,Kaza tana yin ƙwai.
Collect the eggs.,Tattara ƙwai.
Feed the animals.,Ciyar da dabbobi.
Give the animals water.,Ba wa dabbobi ruwa.
The cow is sick.,Saniya ba ta da lafiya.
Call the veterinarian.,Kira likitan dabbobi.
The animal is healthy.,Dabbar tana da lafiya.
The market is crowded.,Kasuwa tana da cunkoso.
The market is quiet.,Kasuwa tana da shiru.
The market is open today.,Kasuwa tana buɗe yau.
The market is closed today.,An rufe kasuwa yau.
I am going to buy vegetables.,Ina zuwa sayen kayan lambu.
I want to buy tomatoes.,Ina son in sayi tumatir.
I want to buy onions.,Ina son in sayi albasa.
I want to buy potatoes.,Ina son in sayi dankali.
I want to buy beans.,Ina son in sayi wake.
I want to buy maize.,Ina son in sayi masara.
I want to buy rice.,Ina son in sayi shinkafa.
I want to buy meat.,Ina son in sayi nama.
I want to buy fish.,Ina son in sayi kifi.
I want to buy chicken.,Ina son in sayi kaza.
Give me one kilogram.,Ba ni kilo ɗaya.
Give me two kilograms.,Ba ni kilo biyu.
Give me half a kilogram.,Ba ni rabin kilo.
How much is one kilogram?,Nawa ne kilo ɗaya?
How much are the tomatoes?,Nawa ne tumatir?
How much are the onions?,Nawa ne albasa?
How much is the rice?,Nawa ne shinkafar?
How much is the meat?,Nawa ne naman?
How much is the fish?,Nawa ne kifin?
The price is high.,Farashin yana da tsada.
The price is low.,Farashin yana da sauƙi.
The price has increased.,Farashin ya tashi.
The price has decreased.,Farashin ya sauka.
This price is fair.,Wannan farashin ya dace.
Give me your best price.,Ba ni farashinka mafi kyau.
I cannot afford it.,Ba zan iya sayensa ba.
I can afford it.,Zan iya sayensa.
I will come back later.,Zan dawo daga baya.
Keep this for me.,Ajiye wannan mini.
I will pay tomorrow.,Zan biya gobe.
I have cash.,Ina da kuɗi.
I need change.,Ina buƙatar canji.
Do you have change?,Kuna da canji?
Give me my change.,Ba ni canjina.
I paid already.,Na biya tuni.
I have not paid yet.,Ban biya ba tukuna.
The customer is waiting.,Abokin ciniki yana jira.
The seller is here.,Mai sayarwa yana nan.
The buyer is here.,Mai saye yana nan.
The shopkeeper is busy.,Mai shago yana aiki.
I want to return this item.,Ina son mayar da wannan kaya.
This item is damaged.,Wannan kayan ya lalace.
This item is new.,Wannan kayan sabo ne.
This item is old.,Wannan kayan tsoho ne.
I need a receipt.,Ina buƙatar rasit.
Where is the cashier?,Ina mai karɓar kuɗi yake?
Pay at the counter.,Biya a teburin karɓar kuɗi.
The store is nearby.,Shagon yana kusa.
The store is far away.,Shagon yana da nisa.
I am looking for shoes.,Ina neman takalma.
I am looking for clothes.,Ina neman tufafi.
I am looking for a shirt.,Ina neman riga.
I am looking for trousers.,Ina neman wando.
I am looking for a bag.,Ina neman jaka.
I need a pair of shoes.,Ina buƙatar takalmi guda.
What size do you need?,Wane girma kake buƙata?
I need size forty.,Ina buƙatar girman arba'in.
This shirt is too small.,Wannan rigar ta yi ƙanƙanta.
This shirt is too large.,Wannan rigar ta yi girma.
This shoe is comfortable.,Wannan takalmin yana da daɗi.
These shoes are expensive.,Waɗannan takalman suna da tsada.
I like this color.,Ina son wannan launin.
I do not like this color.,Ba na son wannan launin.
Do you have black?,Kuna da baƙi?
Do you have white?,Kuna da fari?
Do you have blue?,Kuna da shuɗi?
Do you have red?,Kuna da ja?
Show me another one.,Nuna mini wani.
I will take this one.,Zan ɗauki wannan.
Pack it for me.,Shirya shi mini.
Give me a bag.,Ba ni jaka.
I am only looking.,Ina dubawa ne kawai.
I will buy it later.,Zan saya daga baya.
The bank is open.,Bankin a buɗe yake.
The bank is closed.,An rufe bankin.
I am going to the bank.,Ina zuwa banki.
Where is the bank?,Ina bankin yake?
I want to open an account.,Ina son buɗe asusu.
I have a bank account.,Ina da asusun banki.
I need to withdraw money.,Ina buƙatar cire kuɗi.
I need to deposit money.,Ina buƙatar saka kuɗi.
I want to transfer money.,Ina son tura kuɗi.
I sent the money.,Na aika kuɗin.
I received the money.,Na karɓi kuɗin.
The money has arrived.,Kuɗin sun iso.
The money has not arrived.,Kuɗin ba su iso ba.
Check your account.,Duba asusunka.
Check the balance.,Duba ragowar kuɗin.
I need my bank statement.,Ina buƙatar bayanin asusuna.
Where is the ATM?,Ina ATM yake?
The ATM is working.,ATM ɗin yana aiki.
The ATM is not working.,ATM ɗin ba ya aiki.
The machine is out of service.,Na'urar ba ta aiki.
Insert your card.,Saka katinka.
Enter your PIN.,Shigar da lambar sirrinka.
Do not share your PIN.,Kada ka bayyana lambar sirrinka.
I lost my bank card.,Na rasa katin bankina.
My card is blocked.,An toshe katina.
I need a new card.,Ina buƙatar sabon kati.
The transaction was successful.,Cinikin ya yi nasara.
The transaction failed.,Cinikin bai yi nasara ba.
I received a notification.,Na karɓi sanarwa.
The hospital is nearby.,Asibitin yana kusa.
The hospital is far away.,Asibitin yana da nisa.
The hospital is open.,Asibitin a buɗe yake.
The doctor is examining the patient.,Likita yana duba majinyacin.
The nurse is helping the patient.,Nas tana taimaka wa majinyacin.
The patient has a fever.,Majinyacin yana da zazzabi.
The patient has a headache.,Majinyacin yana jin ciwon kai.
The patient has stomach pain.,Majinyacin yana jin ciwon ciki.
The patient needs medicine.,Majinyacin yana buƙatar magani.
The patient needs rest.,Majinyacin yana buƙatar hutawa.
The patient is getting better.,Majinyacin yana samun sauƙi.
The patient is very sick.,Majinyacin ba shi da lafiya sosai.
The doctor prescribed medicine.,Likita ya rubuta magani.
Take the medicine after eating.,Sha maganin bayan cin abinci.
Do not stop the medicine.,Kada ka daina shan maganin.
Follow the doctor's advice.,Bi shawarar likita.
Come back tomorrow.,Dawo gobe.
Come back next week.,Dawo mako mai zuwa.
The appointment is at ten o'clock.,Alƙawarin yana da ƙarfe goma.
I need an appointment.,Ina buƙatar alƙawari.
I missed my appointment.,Na rasa lokacin alƙawarina.
Please wait outside.,Don Allah jira a waje.
Please sit here.,Don Allah zauna a nan.
The doctor will see you soon.,Likita zai gan ka nan ba da daɗewa ba.
The nurse will call you.,Nas za ta kira ka.
The medicine is expensive.,Maganin yana da tsada.
The medicine is cheap.,Maganin yana da sauƙi.
Keep the medicine away from children.,Ajiye maganin nesa da yara.
Drink plenty of water.,Sha ruwa mai yawa.
Eat healthy food.,Ci abinci mai kyau.
Eat fresh fruit.,Ci sabbin 'ya'yan itatuwa.
Wash your hands.,Wanke hannunka.
Wash your hands regularly.,Wanke hannunka akai-akai.
Keep yourself clean.,Ka kasance mai tsabta.
Exercise every day.,Yi motsa jiki kowace rana.
Take a short walk.,Yi ɗan tafiya.
Get enough sleep.,Yi isasshen barci.
Avoid too much sugar.,Guji yawan sukari.
Do not smoke.,Kada ka sha taba.
Do not drink too much alcohol.,Kada ka sha giya da yawa.
The doctor is giving advice.,Likita yana ba da shawara.
I need medical attention.,Ina buƙatar kulawar lafiya.
This is an emergency.,Wannan lamari ne na gaggawa.
Call the emergency service.,Kira sabis ɗin gaggawa.
Call the police.,Kira 'yan sanda.
Call the fire service.,Kira hukumar kashe gobara.
There has been an accident.,An yi hatsari.
There was a car accident.,An yi hatsarin mota.
Someone is injured.,Wani ya ji rauni.
Someone needs help.,Wani yana buƙatar taimako.
Help us please.,Taimake mu don Allah.
Send help quickly.,Aiko da taimako da sauri.
Do not move the injured person.,Kada ka motsa wanda ya ji rauni.
Stay calm.,Ka kwantar da hankalinka.
Do not panic.,Kada ka firgita.
The police are coming.,'Yan sanda suna zuwa.
The ambulance is coming.,Motar asibiti tana zuwa.
The fire is spreading.,Wutar tana yaɗuwa.
The fire is under control.,An shawo kan wutar.
There is smoke everywhere.,Akwai hayaki ko'ina.
Leave the building.,Fita daga ginin.
Move to a safe place.,Matsa zuwa wuri mai aminci.
Stay away from the fire.,Ka nisanci wutar.
The door is blocked.,An toshe ƙofar.
The road is blocked.,An toshe hanyar.
We need help immediately.,Muna buƙatar taimako nan take.
Where is the police station?,Ina ofishin 'yan sanda yake?
I need to report a problem.,Ina buƙatar kai rahoton matsala.
I lost my wallet.,Na rasa walat ɗina.
Someone stole my phone.,Wani ya sace wayata.
My bag was stolen.,An sace jakata.
I found a lost phone.,Na sami wayar da aka rasa.
I need to make a report.,Ina buƙatar yin rahoto.
The police officer is here.,Jami'in ɗan sanda yana nan.
The officer is asking questions.,Jami'in yana yin tambayoyi.
Answer the questions honestly.,Amsa tambayoyin da gaskiya.
Tell me what happened.,Faɗa mini abin da ya faru.
Where did it happen?,Ina abin ya faru?
When did it happen?,Yaushe abin ya faru?
Who was there?,Wa yake nan?
Did you see anything?,Ka ga wani abu?
I did not see anything.,Ban ga komai ba.
I saw the person.,Na ga mutumin.
I know the person.,Na san mutumin.
I do not know the person.,Ban san mutumin ba.
The hotel is nearby.,Otal ɗin yana kusa.
Where is the hotel?,Ina otal ɗin yake?
I need a room.,Ina buƙatar ɗaki.
I need a single room.,Ina buƙatar ɗaki na mutum ɗaya.
I need a double room.,Ina buƙatar ɗaki na mutane biyu.
Do you have a room available?,Kuna da ɗaki?
I want to book a room.,Ina son yin ajiyar ɗaki.
I have a reservation.,Ina da ajiyar ɗaki.
I want to check in.,Ina son yin rajistar shiga.
I want to check out.,Ina son yin rajistar fita.
How much is the room?,Nawa ne kuɗin ɗakin?
The room is clean.,Ɗakin yana da tsabta.
The room is comfortable.,Ɗakin yana da daɗi.
The room is too small.,Ɗakin ya yi ƙanƙanta.
The room is too expensive.,Ɗakin ya yi tsada sosai.
Is breakfast included?,An haɗa karin kumallo?
Is there water in the room?,Akwai ruwa a ɗakin?
Is there electricity?,Akwai wutar lantarki?
I need a towel.,Ina buƙatar tawul.
I need a key.,Ina buƙatar makulli.
The key does not work.,Makullin ba ya aiki.
The air conditioner is not working.,Na'urar sanyaya iska ba ta aiki.
The fan is not working.,Fanka ba ya aiki.
Please clean my room.,Don Allah tsaftace ɗakina.
I need another room.,Ina buƙatar wani ɗaki.
I want to stay another night.,Ina son in ƙara zama dare ɗaya.
I will leave tomorrow.,Zan tafi gobe.
Thank you for the service.,Na gode da hidimar.
The food is ready.,Abincin ya shirya.
Breakfast is ready.,An shirya karin kumallo.
Lunch is ready.,An shirya abincin rana.
Dinner is ready.,An shirya abincin dare.
Bring the food.,Kawo abincin.
Bring some water.,Kawo ruwa.
Bring some tea.,Kawo shayi.
Bring some milk.,Kawo madara.
Bring some bread.,Kawo burodi.
Bring some rice.,Kawo shinkafa.
Bring some meat.,Kawo nama.
Bring some fish.,Kawo kifi.
Bring some fruit.,Kawo 'ya'yan itace.
I want tea.,Ina son shayi.
I want coffee.,Ina son kofi.
I want milk.,Ina son madara.
I want water.,Ina son ruwa.
I want juice.,Ina son ruwan 'ya'yan itace.
I want bread.,Ina son burodi.
I want rice.,Ina son shinkafa.
I want soup.,Ina son miya.
I want meat.,Ina son nama.
I want fish.,Ina son kifi.
I want chicken.,Ina son kaza.
I want vegetables.,Ina son kayan lambu.
The rice is ready.,Shinkafar ta shirya.
The soup is ready.,Miyar ta shirya.
The meat is ready.,Naman ya shirya.
The fish is ready.,Kifin ya shirya.
The chicken is ready.,Kazar ta shirya.
The food smells good.,Abincin yana da ƙamshi mai daɗi.
The food tastes good.,Abincin yana da daɗi.
The food is too salty.,Abincin ya yi gishiri sosai.
The food is not salty enough.,Abincin bai yi gishiri sosai ba.
The food is too spicy.,Abincin ya yi yaji sosai.
The food is not spicy.,Abincin ba shi da yaji.
The food is too hot.,Abincin ya yi zafi sosai.
The food is cold.,Abincin yana da sanyi.
I need a clean plate.,Ina buƙatar faranti mai tsabta.
I need a clean cup.,Ina buƙatar kofi mai tsabta.
I need a spoon.,Ina buƙatar cokali.
I need a knife.,Ina buƙatar wuƙa.
I need a fork.,Ina buƙatar cokalin ci.
Set the table.,Shirya teburin.
Clear the table.,Cire abubuwan da ke kan tebur.
Wash the vegetables.,Wanke kayan lambu.
Cut the vegetables.,Yanka kayan lambu.
Cut the meat.,Yanka naman.
Cook the rice.,Dafa shinkafar.
Cook the meat.,Dafa naman.
Cook the fish.,Dafa kifin.
Add some salt.,Ƙara gishiri.
Add some water.,Ƙara ruwa.
The pot is on the fire.,Tukunyar tana kan wuta.
The fire is burning.,Wuta tana ci.
The food is burning.,Abincin yana ƙonewa.
Turn down the fire.,Rage wutar.
Turn off the fire.,Kashe wutar.
The meal is ready.,An shirya abincin.
Let's eat together.,Mu ci tare.
Please sit down and eat.,Don Allah zauna ka ci.
Enjoy your meal.,Allah ya ƙara lafiya.
I have finished eating.,Na gama cin abinci.
I am satisfied.,Na gamsu.
I need more food.,Ina buƙatar ƙarin abinci.
I need more water.,Ina buƙatar ƙarin ruwa.
There is not enough food.,Babu isasshen abinci.
There is enough food.,Akwai isasshen abinci.
Save some food for me.,Ajiye mini ɗan abinci.
Do not waste food.,Kada ka ɓata abinci.
Food is important.,Abinci yana da muhimmanci.
Clean water is important.,Ruwa mai tsabta yana da muhimmanci.
Education is important.,Ilimi yana da muhimmanci.
I am a student.,Ni ɗalibi ne.
I am a teacher.,Ni malami ne.
I am a researcher.,Ni mai bincike ne.
I am studying at university.,Ina karatu a jami'a.
I attend university.,Ina zuwa jami'a.
The university is large.,Jami'ar tana da girma.
The school is large.,Makarantar tana da girma.
The classroom is large.,Ajin yana da girma.
The classroom is small.,Ajin ƙarami ne.
The teacher entered the classroom.,Malamin ya shiga aji.
The teacher left the classroom.,Malamin ya fita daga aji.
The students entered the classroom.,Dalibai sun shiga aji.
The students left the classroom.,Dalibai sun fita daga aji.
Open your notebook.,Buɗe littafin rubutunka.
Close your notebook.,Rufe littafin rubutunka.
Take your pen.,Ɗauki alƙalaminka.
Write your name.,Rubuta sunanka.
Write your answer.,Rubuta amsarka.
Read the paragraph.,Karanta sakin layin.
Read the book.,Karanta littafin.
Study this topic.,Yi nazarin wannan batu.
Study for the examination.,Yi karatu domin jarabawa.
The examination is difficult.,Jarabawar tana da wahala.
The examination is easy.,Jarabawar tana da sauƙi.
The question is difficult.,Tambayar tana da wahala.
The question is easy.,Tambayar tana da sauƙi.
I know the answer.,Na san amsar.
I do not know the answer.,Ban san amsar ba.
What is the answer?,Menene amsar?
Give me the answer.,Ba ni amsar.
Do not copy my answer.,Kada ka kwafi amsata.
Work hard.,Yi aiki tuƙuru.
Study hard.,Yi karatu sosai.
Pay attention.,Mai da hankali.
Listen carefully.,Saurara da kyau.
Read carefully.,Karanta da kyau.
Write carefully.,Rubuta da kyau.
Check your work.,Duba aikinka.
Correct your mistake.,Gyara kuskuranka.
This answer is correct.,Wannan amsar daidai ce.
This answer is wrong.,Wannan amsar ba daidai ba ce.
The teacher is asking a question.,Malamin yana yin tambaya.
The student is answering a question.,Dalibin yana amsa tambaya.
The class has started.,An fara aji.
The class has finished.,An gama aji.
The students are quiet.,Dalibai suna shiru.
The students are noisy.,Dalibai suna hayaniya.
The teacher is happy.,Malamin yana farin ciki.
The teacher is angry.,Malamin yana fushi.
The student is happy.,Dalibin yana farin ciki.
The student is tired.,Dalibin ya gaji.
I need a break.,Ina buƙatar hutu.
The examination starts at nine.,Jarabawar tana farawa da ƙarfe tara.
The examination ends at twelve.,Jarabawar tana ƙarewa da ƙarfe goma sha biyu.
Bring your certificate.,Kawo takardar shaidarka.
Bring your identification card.,Kawo katin shaidarka.
I need my school certificate.,Ina buƙatar takardar shaidar makaranta.
I graduated from university.,Na kammala jami'a.
I want to continue my education.,Ina son ci gaba da karatuna.
I want to learn a new skill.,Ina son koyon sabuwar fasaha.
Learning takes time.,Koyo yana ɗaukar lokaci.
Practice makes you better.,Atisaye yana sa ka ƙware.
Knowledge is useful.,Ilimi yana da amfani.
Books are useful.,Littattafai suna da amfani.
Read every day.,Karanta kowace rana.
Learn something new every day.,Koyi sabon abu kowace rana.
Ask questions when you do not understand.,Yi tambaya idan ba ka fahimta ba.
Do not be afraid to ask questions.,Kada ka ji tsoron yin tambayoyi.
The library is open.,Laburaren a buɗe yake.
The library is closed.,An rufe laburaren.
I am going to the library.,Ina zuwa laburare.
I need a book from the library.,Ina buƙatar littafi daga laburare.
Return the book tomorrow.,Mayar da littafin gobe.
Keep the book safe.,Ajiye littafin lafiya.
Do not damage the book.,Kada ka lalata littafin.
The book is interesting.,Littafin yana da ban sha'awa.
The lesson is interesting.,Darasin yana da ban sha'awa.
The subject is important.,Darasin yana da muhimmanci.
Mathematics is difficult.,Lissafi yana da wahala.
Mathematics is interesting.,Lissafi yana da ban sha'awa.
Science is important.,Kimiyya tana da muhimmanci.
Computer science is interesting.,Kimiyyar kwamfuta tana da ban sha'awa.
Technology is changing quickly.,Fasaha tana canzawa da sauri.
I like learning technology.,Ina son koyon fasaha.
I use technology every day.,Ina amfani da fasaha kowace rana.
The computer helps me work.,Kwamfuta tana taimaka mini wajen aiki.
The internet helps students.,Intanet tana taimaka wa ɗalibai.
Students need good teachers.,Dalibai suna buƙatar malamai nagari.
Teachers need good materials.,Malamai suna buƙatar kayan aiki masu kyau.
The school needs more classrooms.,Makarantar tana buƙatar ƙarin azuzuwa.
The school needs more books.,Makarantar tana buƙatar ƙarin littattafai.
The students need more computers.,Dalibai suna buƙatar ƙarin kwamfutoci.
We need a new laboratory.,Muna buƙatar sabon dakin gwaje-gwaje.
The laboratory is clean.,Dakin gwaje-gwajen yana da tsabta.
The laboratory is closed.,An rufe dakin gwaje-gwajen.
The equipment is ready.,Kayan aiki sun shirya.
The equipment is expensive.,Kayan aikin suna da tsada.
Use the equipment carefully.,Yi amfani da kayan aikin da hankali.
Turn off the equipment.,Kashe kayan aikin.
Store the equipment safely.,Ajiye kayan aikin lafiya.
The meeting starts at ten.,Taron yana farawa da ƙarfe goma.
The meeting has started.,An fara taron.
The meeting has ended.,An gama taron.
We have a meeting today.,Muna da taro yau.
We have a meeting tomorrow.,Muna da taro gobe.
Please attend the meeting.,Don Allah halarci taron.
I will attend the meeting.,Zan halarci taron.
I cannot attend the meeting.,Ba zan iya halartar taron ba.
The meeting is important.,Taron yana da muhimmanci.
We need to discuss this issue.,Muna buƙatar tattauna wannan batu.
Let us discuss the problem.,Mu tattauna matsalar.
We need a solution.,Muna buƙatar mafita.
I have an idea.,Ina da ra'ayi.
That is a good idea.,Wannan kyakkyawan ra'ayi ne.
That is a bad idea.,Wannan mummunan ra'ayi ne.
I have a question.,Ina da tambaya.
I have an answer.,Ina da amsa.
Let me explain.,Bari in bayyana.
Let me think.,Bari in yi tunani.
Give me some time.,Ba ni ɗan lokaci.
We need more information.,Muna buƙatar ƙarin bayani.
The plan is ready.,Shirin ya shirya.
The plan is good.,Shirin yana da kyau.
The plan needs improvement.,Shirin yana buƙatar ingantawa.
We will start tomorrow.,Za mu fara gobe.
We will finish tomorrow.,Za mu gama gobe.
We will meet tomorrow.,Za mu haɗu gobe.
I will send the report.,Zan aika da rahoton.
I have sent the report.,Na aika da rahoton.
Did you receive the report?,Ka karɓi rahoton?
I received the report.,Na karɓi rahoton.
The report is ready.,Rahoton ya shirya.
The report is complete.,Rahoton ya cika.
The report is incomplete.,Rahoton bai cika ba.
Read the report.,Karanta rahoton.
Check the report.,Duba rahoton.
Print the report.,Buga rahoton.
Sign the document.,Sa hannu a kan takardar.
I have signed the document.,Na sanya hannu a kan takardar.
The document needs a signature.,Takardar tana buƙatar sa hannu.
Send me the document.,Aiko mini da takardar.
Keep a copy of the document.,Ajiye kwafin takardar.
Make a copy.,Yi kwafi.
The copy is clear.,Kwafin yana da kyau.
The document is important.,Takardar tana da muhimmanci.
The office is open.,Ofishin a buɗe yake.
The office is closed.,An rufe ofishin.
I am going to the office.,Ina zuwa ofis.
The manager is in the office.,Manajan yana ofis.
The worker is at work.,Ma'aikacin yana wurin aiki.
I am at work.,Ina wurin aiki.
I am looking for a job.,Ina neman aiki.
I have a job.,Ina da aiki.
I need a job.,Ina buƙatar aiki.
I got a new job.,Na sami sabon aiki.
I started a new job.,Na fara sabon aiki.
I finished work.,Na gama aiki.
I will go to work tomorrow.,Zan tafi aiki gobe.
I work every day.,Ina aiki kowace rana.
I work from home.,Ina aiki daga gida.
The work is difficult.,Aikin yana da wahala.
The work is easy.,Aikin yana da sauƙi.
The work is important.,Aikin yana da muhimmanci.
We have many customers.,Muna da abokan ciniki da yawa.
The customer is satisfied.,Abokin ciniki ya gamsu.
The customer is not satisfied.,Abokin ciniki bai gamsu ba.
We need more customers.,Muna buƙatar ƙarin abokan ciniki.
The business is growing.,Kasuwancin yana girma.
The business is successful.,Kasuwancin yana samun nasara.
The business is new.,Kasuwancin sabo ne.
The business is old.,Kasuwancin tsoho ne.
I own a business.,Ina da kasuwanci.
I want to start a business.,Ina son fara kasuwanci.
I want to expand my business.,Ina son faɗaɗa kasuwancina.
We sell computers.,Muna sayar da kwamfutoci.
We sell phones.,Muna sayar da wayoyi.
We sell accessories.,Muna sayar da kayan haɗi.
We repair computers.,Muna gyara kwamfutoci.
We repair phones.,Muna gyara wayoyi.
We install software.,Muna girka manhajoji.
We provide technical support.,Muna ba da tallafin fasaha.
The customer needs help.,Abokin ciniki yana buƙatar taimako.
The computer needs repair.,Kwamfutar tana buƙatar gyara.
The phone needs repair.,Wayar tana buƙatar gyara.
The software is installed.,An girka manhajar.
The computer is ready.,Kwamfutar ta shirya.
The phone is ready.,Wayar ta shirya.
The repair is complete.,An gama gyaran.
The repair will take one day.,Gyaran zai ɗauki rana ɗaya.
Come back tomorrow for your computer.,Dawo gobe domin kwamfutarka.
Your phone is ready.,Wayarka ta shirya.
Your computer is ready.,Kwamfutarka ta shirya.
Your order is ready.,Odar ka ta shirya.
We received your order.,Mun karɓi odarka.
Your order has arrived.,Odar ka ta iso.
Your order has not arrived.,Odar ka ba ta iso ba.
When will my order arrive?,Yaushe odana za ta iso?
I want to place an order.,Ina son yin oda.
Cancel the order.,Soke odar.
Change the order.,Canza odar.
Confirm the order.,Tabbatar da odar.
The order is confirmed.,An tabbatar da odar.
The payment is confirmed.,An tabbatar da biyan kuɗin.
I paid online.,Na biya ta intanet.
I want to pay online.,Ina son biya ta intanet.
The website is working.,Gidan yanar gizon yana aiki.
The website is not working.,Gidan yanar gizon ba ya aiki.
Open the website.,Buɗe gidan yanar gizon.
Close the website.,Rufe gidan yanar gizon.
Search for the information online.,Nemo bayanin a intanet.
I found it online.,Na same shi a intanet.
Send me the link.,Aiko mini da hanyar haɗin.
Open the link.,Buɗe hanyar haɗin.
The link is not working.,Hanyar haɗin ba ta aiki.
Download the file.,Sauke fayil ɗin.
Upload the file.,Loda fayil ɗin.
The file is large.,Fayil ɗin yana da girma.
The file is small.,Fayil ɗin ƙarami ne.
The file is missing.,Fayil ɗin ya ɓace.
The file is corrupted.,Fayil ɗin ya lalace.
Create a new file.,Ƙirƙiri sabon fayil.
Create a new folder.,Ƙirƙiri sabon babban fayil.
Open the folder.,Buɗe babban fayil ɗin.
Close the folder.,Rufe babban fayil ɗin.
Move the file.,Matsar da fayil ɗin.
Copy the file.,Kwafi fayil ɗin.
Rename the file.,Canza sunan fayil ɗin.
Save your work.,Ajiye aikinka.
Back up your files.,Yi ajiyar bayanan fayilolinka.
Protect your computer.,Kare kwamfutarka.
Protect your phone.,Kare wayarka.
Use a strong password.,Yi amfani da kalmar sirri mai ƙarfi.
Do not share your password.,Kada ka bayyana kalmar sirrinka.
Keep your information private.,Ka kiyaye bayananka na sirri.
Be careful online.,Yi hankali a intanet.
Do not open unknown links.,Kada ka buɗe hanyoyin haɗin da ba ka sani ba.
The computer needs an update.,Kwamfutar tana buƙatar sabuntawa.
Update the software.,Sabunta manhajar.
Restart the computer.,Sake kunna kwamfutar.
The computer has restarted.,Kwamfutar ta sake kunnawa.
The system is working.,Tsarin yana aiki.
The system is not working.,Tsarin ba ya aiki.
The application is open.,Manhajar a buɗe take.
The application is closed.,An rufe manhajar.
Open the application.,Buɗe manhajar.
Close the application.,Rufe manhajar.
The screen is bright.,Allon yana da haske.
The screen is dark.,Allon yana da duhu.
Increase the brightness.,Ƙara hasken allo.
Reduce the brightness.,Rage hasken allo.
The keyboard is working.,Allon rubutu yana aiki.
The mouse is working.,Mouse yana aiki.
Connect the keyboard.,Haɗa allon rubutu.
Connect the mouse.,Haɗa mouse.
Connect the charger.,Haɗa caja.
Disconnect the charger.,Cire caja.
The charger is broken.,Caja ya lalace.
I need a new charger.,Ina buƙatar sabon caja.
The battery is low.,Batirin ya yi ƙasa.
The battery is full.,Batirin ya cika.
Charge the battery.,Caja batirin.
The device is working.,Na'urar tana aiki.
The device is not working.,Na'urar ba ta aiki.
Restart the device.,Sake kunna na'urar.
Turn off the device.,Kashe na'urar.
Turn on the device.,Kunna na'urar.
The system is ready.,Tsarin ya shirya.
The system is fast.,Tsarin yana da sauri.
The system is slow.,Tsarin yana da jinkiri.
We need a better system.,Muna buƙatar ingantaccen tsari.
The new system is better.,Sabon tsarin ya fi kyau.
The old system is simple.,Tsohon tsarin yana da sauƙi.
I am testing the system.,Ina gwada tsarin.
The test was successful.,Gwajin ya yi nasara.
The test failed.,Gwajin bai yi nasara ba.
Run the test again.,Sake gudanar da gwajin.
The result is correct.,Sakamakon daidai ne.
The result is wrong.,Sakamakon ba daidai ba ne.
Check the result.,Duba sakamakon.
The result is good.,Sakamakon yana da kyau.
The result is poor.,Sakamakon ba shi da kyau.
We need accurate results.,Muna buƙatar ingantattun sakamako.
The data is correct.,Bayanan daidai ne.
The data is incomplete.,Bayanan ba su cika ba.
The data is missing.,Bayanan sun ɓace.
Save the data.,Ajiye bayanan.
Delete the data.,Goge bayanan.
Back up the data.,Yi ajiyar bayanan.
The database is ready.,Ma'ajiyar bayanai ta shirya.
The database is large.,Ma'ajiyar bayanai tana da girma.
The database is small.,Ma'ajiyar bayanai ƙarama ce.
Search the database.,Nemo a cikin ma'ajiyar bayanai.
The search is complete.,An gama binciken.
No result was found.,Ba a sami sakamako ba.
A result was found.,An sami sakamako.
Try again.,Sake gwadawa.
Please try again.,Don Allah sake gwadawa.
The system found a match.,Tsarin ya sami daidaito.
The translation is available.,Fassarar tana nan.
The translation is correct.,Fassarar daidai ce.
The translation is not available.,Fassarar ba ta nan.
Please enter a sentence.,Don Allah shigar da jimla.
Enter your English sentence.,Shigar da jimlar Turancinka.
The sentence is empty.,Jimlar babu komai.
The sentence is too long.,Jimlar ta yi tsawo sosai.
The sentence is too short.,Jimlar ta yi gajarta sosai.
Try another sentence.,Gwada wata jimla.
Translate this sentence.,Fassara wannan jimlar.
Show the translation.,Nuna fassarar.
Copy the translation.,Kwafi fassarar.
Clear the text.,Goge rubutun.
The translation is ready.,An shirya fassarar.
The translator is ready.,Mai fassarar ya shirya.
The translator is working.,Mai fassarar yana aiki.
The translator is offline.,Mai fassarar ba ya kan intanet.
The translator works offline.,Mai fassarar yana aiki ba tare da intanet ba.
The translation was successful.,An yi fassarar cikin nasara.
The translation failed.,Fassarar ba ta yi nasara ba.
Try a different sentence.,Gwada wata jimla dabam.
This sentence is common.,Wannan jimla ce da aka saba amfani da ita.
This sentence is simple.,Wannan jimla ce mai sauƙi.
This sentence is difficult.,Wannan jimla ce mai wahala.
This sentence is important.,Wannan jimla tana da muhimmanci.
I need an English translation.,Ina buƙatar fassarar Turanci.
I need a Hausa translation.,Ina buƙatar fassarar Hausa.
English is widely spoken.,Ana magana da Turanci sosai.
Hausa is widely spoken.,Ana magana da Hausa sosai.
I want to improve my Hausa.,Ina son inganta Hausata.
I want to improve my English.,Ina son inganta Turancina.
I am learning new words.,Ina koyon sababbin kalmomi.
I know this word.,Na san wannan kalmar.
I do not know this word.,Ban san wannan kalmar ba.
What does this word mean?,Menene ma'anar wannan kalmar?
How do you say this in Hausa?,Yaya ake faɗin wannan da Hausa?
How do you say this in English?,Yaya ake faɗin wannan da Turanci?
Please translate this word.,Don Allah fassara wannan kalmar.
Please translate this sentence.,Don Allah fassara wannan jimlar.
I am practicing Hausa.,Ina atisayen Hausa.
I am practicing English.,Ina atisayen Turanci.
Hausa is interesting.,Hausa tana da ban sha'awa.
English is interesting.,Turanci yana da ban sha'awa.
I like Hausa language.,Ina son harshen Hausa.
I like English language.,Ina son harshen Turanci.
Language is important.,Harshe yana da muhimmanci.
Communication is important.,Sadarwa tana da muhimmanci.
Good communication helps people.,Kyakkyawar sadarwa tana taimaka wa mutane.
Speak clearly.,Yi magana a sarari.
Write clearly.,Rubuta a sarari.
Use simple words.,Yi amfani da kalmomi masu sauƙi.
Use correct grammar.,Yi amfani da nahawu daidai.
The meaning is clear.,Ma'anar a sarari take.
The meaning is not clear.,Ma'anar ba ta bayyana ba.
I need clarification.,Ina buƙatar ƙarin bayani.
Please clarify this.,Don Allah bayyana wannan.
Can you explain the meaning?,Za ka iya bayyana ma'anar?
I understand the meaning.,Na fahimci ma'anar.
I understand the question.,Na fahimci tambayar.
I understand the answer.,Na fahimci amsar.
I do not understand the question.,Ban fahimci tambayar ba.
I do not understand the answer.,Ban fahimci amsar ba.
Please help me learn Hausa.,Don Allah taimaka mini in koyi Hausa.
I want to speak Hausa fluently.,Ina son yin magana da Hausa sosai.
I want to speak English fluently.,Ina son yin magana da Turanci sosai.
Practice speaking every day.,Yi atisayen magana kowace rana.
Practice writing every day.,Yi atisayen rubutu kowace rana.
Practice reading every day.,Yi atisayen karatu kowace rana.
Practice listening every day.,Yi atisayen sauraro kowace rana.
Learning a language takes time.,Koyon harshe yana ɗaukar lokaci.
Do not give up.,Kada ka daina.
Keep learning.,Ci gaba da koyo.
Keep practicing.,Ci gaba da atisaye.
You are improving.,Kana samun ci gaba.
I am improving.,Ina samun ci gaba.
We are learning together.,Muna koyo tare.
We can learn together.,Za mu iya koyo tare.
Learning is a journey.,Koyo tafiya ce.
Knowledge gives power.,Ilimi yana ba da ƙarfi.
Education changes lives.,Ilimi yana canza rayuwa.
A good teacher inspires students.,Kyakkyawan malami yana ƙarfafa ɗalibai.
A good student works hard.,Kyakkyawan ɗalibi yana aiki tuƙuru.
Respect your teacher.,Girmama malaminka.
Respect your classmates.,Girmama abokan ajinka.
Help your classmates.,Taimaki abokan ajinka.
Share your knowledge.,Raba iliminka.
Ask for help when needed.,Nemi taimako idan kana buƙata.
Do your best.,Yi iya ƙoƙarinka.
Never stop learning.,Kada ka daina koyo.
Be honest.,Kasance mai gaskiya.
Be patient.,Yi haƙuri.
Be kind.,Kasance mai kirki.
Be respectful.,Kasance mai girmamawa.
Be responsible.,Kasance mai ɗaukar nauyi.
Keep your promise.,Cika alkawarinka.
Tell the truth.,Faɗi gaskiya.
Do not lie.,Kada ka yi ƙarya.
Do not steal.,Kada ka yi sata.
Help people in need.,Taimaki mutane masu buƙata.
Respect other people.,Girmama sauran mutane.
Treat people well.,Mu'amalanci mutane da kyau.
Good manners are important.,Kyakkyawan ɗabi'a tana da muhimmanci.
Peace is important.,Zaman lafiya yana da muhimmanci.
We need peace.,Muna buƙatar zaman lafiya.
Let us live in peace.,Mu zauna cikin zaman lafiya.
Help your neighbour.,Taimaki maƙwabcinka.
Visit your neighbour.,Ziyarci maƙwabcinka.
My neighbour is friendly.,Maƙwabcina yana da kirki.
The community is peaceful.,Al'umma tana cikin zaman lafiya.
The community needs help.,Al'umma tana buƙatar taimako.
People are working together.,Mutane suna aiki tare.
People are helping each other.,Mutane suna taimakon juna.
The village is developing.,Ƙauyen yana samun ci gaba.
The town is developing.,Garin yana samun ci gaba.
The city is developing.,Birnin yana samun ci gaba.
We need better roads.,Muna buƙatar ingantattun hanyoyi.
We need clean water.,Muna buƙatar ruwa mai tsabta.
We need good schools.,Muna buƙatar makarantu masu kyau.
We need good hospitals.,Muna buƙatar asibitoci masu kyau.
We need more jobs.,Muna buƙatar ƙarin ayyukan yi.
Young people need opportunities.,Matasa suna buƙatar dama.
Children need education.,Yara suna buƙatar ilimi.
Farmers need support.,Manoma suna buƙatar tallafi.
Small businesses need support.,Ƙananan kasuwanci suna buƙatar tallafi.
The government should help people.,Gwamnati ya kamata ta taimaki mutane.
The community should work together.,Al'umma ya kamata ta yi aiki tare.
Development takes time.,Ci gaba yana ɗaukar lokaci.
We must work together.,Dole mu yi aiki tare.
We must protect the environment.,Dole mu kare muhalli.
Keep the environment clean.,Kiyaye muhalli da tsabta.
Do not throw rubbish here.,Kada ka zubar da shara a nan.
Put the rubbish in the bin.,Sanya shara cikin kwandon shara.
Clean the street.,Tsaftace titi.
The street is dirty.,Titin yana da datti.
The street is clean.,Titin yana da tsabta.
Plant a tree.,Shuka itace.
Trees are important.,Bishiyoyi suna da muhimmanci.
Protect the trees.,Kare bishiyoyi.
Do not cut the tree.,Kada ka sare itacen.
The environment is changing.,Muhalli yana canzawa.
We need clean air.,Muna buƙatar iska mai tsabta.
Clean air is important.,Iska mai tsabta tana da muhimmanci.
Water pollution is dangerous.,Gurbatar ruwa yana da haɗari.
Keep the water clean.,Kiyaye ruwa da tsabta.
Do not waste water.,Kada ka ɓata ruwa.
Save water.,Ajiye ruwa.
Use water carefully.,Yi amfani da ruwa da hankali.
English,Hausa
Good morning.,Ina kwana.
Good afternoon.,Barka da rana.
Good evening.,Barka da yamma.
Good night.,Sai da safe.
How are you today?,Yaya kake yau?
I am fine.,Lafiya lau.
I am very fine.,Ina cikin koshin lafiya sosai.
Thank you very much.,Na gode sosai.
You are welcome.,Babu komai.
What is your name?,Menene sunanka?
My name is Ali.,Sunana Ali.
Where are you going?,Ina za ka?
I am going home.,Ina zuwa gida.
Where do you live?,Ina kake zama?
I live in Kano.,Ina zama a Kano.
Where are you from?,Daga ina kake?
I am from Nigeria.,Ni daga Najeriya nake.
Please come here.,Don Allah zo nan.
Please sit down.,Don Allah zauna.
Please wait for me.,Don Allah jira ni.
Come with me.,Zo tare da ni.
Go home.,Je gida.
Come tomorrow.,Zo gobe.
See you tomorrow.,Sai gobe.
See you later.,Sai an jima.
What are you doing?,Me kake yi?
I am working.,Ina aiki.
I am resting.,Ina hutawa.
I am studying.,Ina karatu.
I am eating.,Ina cin abinci.
I am drinking water.,Ina shan ruwa.
I am going to school.,Ina zuwa makaranta.
I have returned home.,Na dawo gida.
I am waiting for you.,Ina jiranka.
Do you understand?,Ka fahimta?
Yes, I understand.,Eh, na fahimta.
No, I do not understand.,A'a, ban fahimta ba.
Please speak slowly.,Don Allah yi magana a hankali.
Can you repeat that?,Za ka iya maimaita hakan?
What did you say?,Me ka ce?
I did not hear you.,Ban ji ka ba.
Can you hear me?,Kana iya jin ni?
Please listen to me.,Don Allah saurare ni.
Let us go together.,Mu tafi tare.
I agree with you.,Na yarda da kai.
I do not agree.,Ban yarda ba.
That is correct.,Hakan daidai ne.
That is not correct.,Hakan ba daidai ba ne.
I am sorry.,Yi hakuri.
Please forgive me.,Don Allah ka gafarta mini.
Do not worry.,Kada ka damu.
Everything is fine.,Komai yana lafiya.
I need your help.,Ina bukatar taimakonka.
Can you help me?,Za ka iya taimaka mini?
I will help you.,Zan taimaka maka.
Thank you for your help.,Na gode da taimakonka.
What happened?,Me ya faru?
Nothing happened.,Babu abin da ya faru.
Are you ready?,Ka shirya?
I am ready.,Na shirya.
Wait a moment.,Jira na dan lokaci.
Wait for me here.,Jira ni a nan.
Come inside.,Shigo ciki.
Go outside.,Fita waje.
Open the door.,Bude kofar.
Close the door.,Rufe kofar.
Open the window.,Bude taga.
Close the window.,Rufe taga.
Turn on the light.,Kunna fitilar.
Turn off the light.,Kashe fitilar.
Where is my phone?,Ina wayata?
I cannot find my phone.,Ba zan iya samun wayata ba.
My phone is charging.,Wayata tana caji.
The battery is low.,Batirin ya kusa karewa.
I need a charger.,Ina bukatar caja.
Call me later.,Kira ni daga baya.
Send me a message.,Aiko mini da sako.
I will call you tomorrow.,Zan kira ka gobe.
What time is it?,Karfe nawa ne?
It is morning.,Safe ne.
It is afternoon.,Rana ce.
It is evening.,Yamma ce.
It is night.,Dare ne.
I am tired.,Na gaji.
I am very tired.,Na gaji sosai.
I am hungry.,Ina jin yunwa.
I am thirsty.,Ina jin kishirwa.
I am sleepy.,Ina jin barci.
I need to rest.,Ina bukatar hutawa.
I need some water.,Ina bukatar ruwa.
I need food.,Ina bukatar abinci.
I am busy.,Ina cikin aiki.
I am free now.,Yanzu ina da lokaci.
I have no time.,Ba ni da lokaci.
I have enough time.,Ina da isasshen lokaci.
Let us start.,Mu fara.
Let us continue.,Mu ci gaba.
Let us stop here.,Mu tsaya a nan.
That is enough.,Hakan ya isa.
Do not do that.,Kada ka yi haka.
Be careful.,Yi hankali.
Be patient.,Yi hakuri.
Be honest.,Ka kasance mai gaskiya.
Tell me the truth.,Faɗa mini gaskiya.
Do not lie to me.,Kada ka yi mini karya.
I trust you.,Na yarda da kai.
I believe you.,Na gaskata ka.
I need to know.,Ina bukatar sani.
I know the answer.,Na san amsar.
I do not know.,Ban sani ba.
I forgot.,Na manta.
I remember.,Na tuna.
I understand now.,Yanzu na fahimta.
I have a question.,Ina da tambaya.
Please ask me.,Don Allah tambaye ni.
Answer the question.,Amsa tambayar.
What is this?,Menene wannan?
What is that?,Menene wancan?
Who is this?,Wanene wannan?
Who is that?,Wanene wancan?
Where is it?,Ina yake?
When will you come?,Yaushe za ka zo?
Why are you here?,Me ya sa kake nan?
How did you do it?,Yaya ka yi hakan?
How much is it?,Nawa ne?
How many do you need?,Nawa kake bukata?
Which one do you want?,Wanne kake so?
Do you need anything?,Kana bukatar wani abu?
Yes, I need something.,Eh, ina bukatar wani abu.
No, I need nothing.,A'a, ba na bukatar komai.
What do you want?,Me kake so?
I want water.,Ina son ruwa.
I want food.,Ina son abinci.
I want to sleep.,Ina son yin barci.
I want to go home.,Ina son zuwa gida.
I want to learn Hausa.,Ina son koyon Hausa.
I want to learn English.,Ina son koyon Turanci.
I am learning Hausa.,Ina koyon Hausa.
I am learning English.,Ina koyon Turanci.
I speak Hausa.,Ina jin Hausa.
I speak English.,Ina jin Turanci.
Do you speak Hausa?,Kana jin Hausa?
Do you speak English?,Kana jin Turanci?
I speak a little Hausa.,Ina jin Hausa kadan.
I speak a little English.,Ina jin Turanci kadan.
Please translate this.,Don Allah fassara wannan.
What does this mean?,Menene ma'anar wannan?
How do you say this in Hausa?,Yaya ake cewa wannan da Hausa?
How do you say this in English?,Yaya ake cewa wannan da Turanci?
Write it down.,Rubuta shi.
Read this sentence.,Karanta wannan jimlar.
Read the book.,Karanta littafin.
Open your book.,Bude littafinka.
Close your book.,Rufe littafinka.
Bring your book.,Kawo littafinka.
Where is your book?,Ina littafinka?
I lost my book.,Na rasa littafina.
This is my book.,Wannan littafina ne.
That is your book.,Wancan littafinka ne.
The book is on the table.,Littafin yana kan tebur.
The pen is on the table.,Alkalamin yana kan tebur.
Give me a pen.,Ba ni alkalami.
I need a pencil.,Ina bukatar fensir.
I need a notebook.,Ina bukatar littafin rubutu.
The teacher is here.,Malamin yana nan.
The students are learning.,Dalibai suna koyo.
The students are studying.,Dalibai suna karatu.
The teacher is teaching.,Malami yana koyarwa.
The class has started.,Darasi ya fara.
The class has finished.,Darasi ya ƙare.
The examination is tomorrow.,Jarabawar gobe ce.
I have an examination today.,Ina da jarabawa yau.
I am preparing for the examination.,Ina shirin jarabawa.
The examination was difficult.,Jarabawar ta kasance da wahala.
The examination was easy.,Jarabawar ta kasance da sauki.
I passed the examination.,Na ci jarabawar.
I failed the examination.,Na fadi jarabawar.
I got a good result.,Na samu sakamako mai kyau.
I need to study harder.,Ina bukatar yin karatu sosai.
Education is important.,Ilimi yana da muhimmanci.
Knowledge is power.,Ilimi iko ne.
I like my school.,Ina son makaranta ta.
Where is the school?,Ina makarantar take?
The school is near my house.,Makarantar tana kusa da gidana.
The school is far from here.,Makarantar tana da nisa daga nan.
I am going to the classroom.,Ina zuwa ajin karatu.
The classroom is clean.,Ajin karatu yana da tsabta.
The classroom is large.,Ajin karatu yana da girma.
The classroom is small.,Ajin karatu yana da karami.
The students are sitting.,Dalibai suna zaune.
The students are reading.,Dalibai suna karatu.
The students are writing.,Dalibai suna rubutu.
The students are asking questions.,Dalibai suna yin tambayoyi.
The teacher answered the question.,Malami ya amsa tambayar.
I need more explanation.,Ina bukatar karin bayani.
Please explain this lesson.,Don Allah yi bayanin wannan darasi.
I understand the lesson.,Na fahimci darasin.
I do not understand the lesson.,Ban fahimci darasin ba.
Let us study together.,Mu yi karatu tare.
My father is at home.,Mahaifina yana gida.
My mother is at home.,Mahaifiyata tana gida.
My parents are at home.,Iyayena suna gida.
I have two brothers.,Ina da 'yan'uwa maza biyu.
I have three sisters.,Ina da 'yan'uwa mata uku.
My brother is older than me.,Dan uwana ya fi ni girma.
My sister is younger than me.,Yar uwata ta fi ni karama.
This is my family.,Wannan iyalina ne.
I love my family.,Ina son iyalina.
My family is large.,Iyalina suna da yawa.
My family is small.,Iyalina ba su da yawa.
Where is your father?,Ina mahaifinka yake?
Where is your mother?,Ina mahaifiyarka take?
My father is working.,Mahaifina yana aiki.
My mother is cooking.,Mahaifiyata tana girki.
My brother is studying.,Dan uwana yana karatu.
My sister is sleeping.,Yar uwata tana barci.
The child is playing.,Yaron yana wasa.
The children are playing.,Yara suna wasa.
The baby is sleeping.,Jaririn yana barci.
Take care of the child.,Kula da yaron.
The family is eating together.,Iyalin suna cin abinci tare.
We are going to visit our relatives.,Za mu je ziyartar danginmu.
My uncle lives nearby.,Kawuna yana zama a kusa.
My aunt is coming today.,Goggona tana zuwa yau.
I visited my grandmother.,Na ziyarci kakata.
I visited my grandfather.,Na ziyarci kakana.
We are happy together.,Muna farin ciki tare.
Family is important.,Iyali yana da muhimmanci.
I am going to the hospital.,Ina zuwa asibiti.
Where is the hospital?,Ina asibitin yake?
Where is the nearest hospital?,Ina asibitin da ya fi kusa?
I need a doctor.,Ina bukatar likita.
Please call a doctor.,Don Allah kira likita.
The doctor is here.,Likitan yana nan.
The nurse is helping the patient.,Jinya tana taimaka wa mara lafiya.
I am feeling sick.,Ina jin rashin lafiya.
I have a headache.,Ina jin ciwon kai.
I have a stomachache.,Ina jin ciwon ciki.
I have a fever.,Ina da zazzabi.
I have a cough.,Ina tari.
I have a cold.,Ina da mura.
My body is weak.,Jikina yana da rauni.
I need medicine.,Ina bukatar magani.
Take this medicine.,Sha wannan maganin.
Take the medicine twice a day.,Sha maganin sau biyu a rana.
Take the medicine after food.,Sha maganin bayan cin abinci.
Drink plenty of water.,Sha ruwa da yawa.
You need to rest.,Kana bukatar hutawa.
You should see a doctor.,Ya kamata ka ga likita.
The patient is recovering.,Mara lafiyar yana samun sauki.
The patient is sleeping.,Mara lafiyar yana barci.
The hospital is clean.,Asibitin yana da tsabta.
The doctor examined the patient.,Likita ya duba mara lafiya.
The nurse gave me medicine.,Jinya ta ba ni magani.
I have an appointment.,Ina da alƙawari.
My appointment is tomorrow.,Alƙawarina gobe ne.
I need medical attention.,Ina bukatar kulawar likita.
Call an ambulance.,Kira motar asibiti.
This is an emergency.,Wannan lamari ne na gaggawa.
I need help immediately.,Ina bukatar taimako nan da nan.
Please help me.,Don Allah taimaka mini.
I am in danger.,Ina cikin haɗari.
Call the police.,Kira 'yan sanda.
There has been an accident.,An yi hatsari.
Someone is injured.,Wani ya ji rauni.
The road is dangerous.,Hanyar tana da haɗari.
Be careful on the road.,Yi hankali a hanya.
I need to go to the hospital.,Ina bukatar zuwa asibiti.
Where is the police station?,Ina ofishin 'yan sanda yake?
I need the police.,Ina bukatar 'yan sanda.
Someone stole my phone.,Wani ya sace wayata.
My bag was stolen.,An sace jakata.
I lost my wallet.,Na rasa walat dina.
I need to report a problem.,Ina bukatar kai rahoton matsala.
The police arrived.,'Yan sanda sun iso.
The police are investigating.,'Yan sanda suna bincike.
Please stay here.,Don Allah zauna a nan.
Do not move.,Kada ka motsa.
Call for help.,Kira taimako.
I am safe now.,Yanzu ina cikin aminci.
The danger has passed.,Haɗarin ya wuce.
I am going to the market.,Ina zuwa kasuwa.
Where is the market?,Ina kasuwar take?
The market is nearby.,Kasuwar tana kusa.
What do you want to buy?,Me kake son saya?
I want to buy rice.,Ina son sayen shinkafa.
I want to buy bread.,Ina son sayen burodi.
I want to buy sugar.,Ina son sayen sukari.
I want to buy salt.,Ina son sayen gishiri.
I want to buy water.,Ina son sayen ruwa.
How much is this?,Nawa ne wannan?
How much is that?,Nawa ne wancan?
This is too expensive.,Wannan ya yi tsada sosai.
That is cheap.,Wancan yana da sauki.
Can you reduce the price?,Za ka iya rage farashin?
Give me a better price.,Ba ni farashi mai sauki.
I will buy it.,Zan saya.
I do not want it.,Ba na son shi.
Do you have this in another size?,Kuna da wannan a wani girma?
Do you have another color?,Kuna da wani launi?
I need a bigger one.,Ina bukatar mafi girma.
I need a smaller one.,Ina bukatar mafi karami.
I want two of them.,Ina son guda biyu.
Give me one kilogram.,Ba ni kilo daya.
I have enough money.,Ina da isasshen kudi.
I do not have enough money.,Ba ni da isasshen kudi.
Here is the money.,Ga kudin.
Keep the change.,Ka riƙe ragowar.
Where can I pay?,Ina zan biya?
I want to pay now.,Ina son biya yanzu.
Do you accept cash?,Kuna karbar tsabar kudi?
Do you accept payment by phone?,Kuna karbar biyan kudi ta waya?
I need a receipt.,Ina bukatar rasit.
The shop is open.,Shagon a bude yake.
The shop is closed.,Shagon a rufe yake.
I am looking for a shop.,Ina neman shago.
I am looking for rice.,Ina neman shinkafa.
The price has increased.,Farashin ya karu.
The price has decreased.,Farashin ya ragu.
The food is fresh.,Abincin sabo ne.
The food is finished.,Abincin ya ƙare.
I want to eat.,Ina son ci.
I am cooking food.,Ina dafa abinci.
The food is ready.,Abincin ya shirya.
The food is hot.,Abincin yana da zafi.
The food is cold.,Abincin yana da sanyi.
The food is delicious.,Abincin yana da dadi.
The food is not delicious.,Abincin ba shi da dadi.
I like this food.,Ina son wannan abincin.
I do not like this food.,Ba na son wannan abincin.
What are you cooking?,Me kake dafawa?
I am cooking rice.,Ina dafa shinkafa.
I am cooking beans.,Ina dafa wake.
I am cooking meat.,Ina dafa nama.
I am cooking soup.,Ina dafa miya.
Bring me a plate.,Kawo mini faranti.
Bring me a spoon.,Kawo mini cokali.
Bring me a cup.,Kawo mini kofi.
I need a glass of water.,Ina bukatar gilashin ruwa.
The water is cold.,Ruwan yana da sanyi.
The water is hot.,Ruwan yana da zafi.
The tea is ready.,Shayin ya shirya.
I want some tea.,Ina son shayi.
I want some coffee.,Ina son kofi.
I want some milk.,Ina son madara.
I have eaten.,Na ci abinci.
I have not eaten.,Ban ci abinci ba.
I am full.,Na koshi.
I am still hungry.,Har yanzu ina jin yunwa.
Please wash the vegetables.,Don Allah wanke kayan lambu.
The vegetables are fresh.,Kayan lambun sabbi ne.
We are going to the farm.,Muna zuwa gona.
My father is a farmer.,Mahaifina manomi ne.
The farmer is working.,Manomi yana aiki.
The farm is large.,Gonar tana da girma.
The farm is small.,Gonar tana da karami.
We are planting crops.,Muna shuka amfanin gona.
We are harvesting crops.,Muna girbin amfanin gona.
The crops are growing.,Amfanin gona yana girma.
The crops need water.,Amfanin gona yana bukatar ruwa.
The soil is fertile.,Ƙasar tana da amfani.
The soil is dry.,Ƙasar ta bushe.
The rain has started.,Ruwa ya fara sama.
The rain has stopped.,Ruwan sama ya tsaya.
We need fertilizer.,Muna bukatar taki.
We need seeds.,Muna bukatar iri.
We need farming tools.,Muna bukatar kayan aikin gona.
The farmer bought seeds.,Manomin ya sayi iri.
The farmer planted maize.,Manomin ya shuka masara.
We grow maize.,Muna noman masara.
We grow rice.,Muna noman shinkafa.
We grow beans.,Muna noman wake.
We grow millet.,Muna noman gero.
We grow sorghum.,Muna noman dawa.
The harvest was good.,Girbin ya yi kyau.
The harvest was poor.,Girbin bai yi kyau ba.
The farm needs more water.,Gonar tana bukatar karin ruwa.
The animals are in the farm.,Dabbobin suna gona.
The farmer is feeding the animals.,Manomi yana ciyar da dabbobi.
The cow is eating grass.,Saniya tana cin ciyawa.
The goat is eating leaves.,Akuya tana cin ganye.
We are going to the bus station.,Muna zuwa tashar mota.
Where is the bus station?,Ina tashar mota take?
I need a taxi.,Ina bukatar tasi.
Call a taxi for me.,Kira mini tasi.
How much is the fare?,Nawa ne kudin mota?
Where is this bus going?,Ina wannan motar take?
I want to go to Kano.,Ina son zuwa Kano.
I want to go to Abuja.,Ina son zuwa Abuja.
I am travelling tomorrow.,Zan yi tafiya gobe.
I am travelling today.,Ina tafiya yau.
The bus is coming.,Motar tana zuwa.
The bus has arrived.,Motar ta iso.
The bus is full.,Motar ta cika.
The bus is empty.,Motar babu fasinjoji.
Please stop here.,Don Allah tsaya a nan.
Please drive slowly.,Don Allah yi tuki a hankali.
The road is busy.,Hanyar tana da cunkoso.
There is traffic.,Akwai cunkoson ababen hawa.
The road is blocked.,An toshe hanya.
The road is open.,Hanyar a bude take.
We are late.,Mun makara.
We arrived early.,Mun iso da wuri.
How long will the journey take?,Har yaushe tafiyar za ta dauka?
Where can I get a ticket?,Ina zan samu tikiti?
I need a ticket.,Ina bukatar tikiti.
I lost my ticket.,Na rasa tikitina.
Where is the airport?,Ina filin jirgin sama yake?
The flight is tomorrow.,Jirgin sama gobe ne.
The flight has been delayed.,An jinkirta jirgin sama.
I am waiting for my flight.,Ina jiran jirgina.
Where is the hotel?,Ina otal din yake?
I need a room.,Ina bukatar daki.
I want to book a room.,Ina son yin ajiyar daki.
Do you have a room available?,Kuna da daki?
How much is the room?,Nawa ne kudin dakin?
I need a single room.,Ina bukatar daki na mutum daya.
I need a double room.,Ina bukatar daki na mutane biyu.
The room is clean.,Dakin yana da tsabta.
The room is comfortable.,Dakin yana da dadi.
I need a key.,Ina bukatar makulli.
Where is the bathroom?,Ina bandaki yake?
The water is not running.,Ruwa baya gudana.
There is no electricity.,Babu wutar lantarki.
Please fix the problem.,Don Allah gyara matsalar.
I want to check out.,Ina son barin otal.
I want to stay another night.,Ina son kara zama dare daya.
I have a reservation.,Ina da ajiyar daki.
Here is my identification.,Ga katin shaidata.
I need internet access.,Ina bukatar hanyar intanet.
What is the Wi-Fi password?,Menene kalmar sirrin Wi-Fi?
The internet is slow.,Intanet din yana da jinkiri.
The internet is working.,Intanet din yana aiki.
I need a computer.,Ina bukatar kwamfuta.
I am using a computer.,Ina amfani da kwamfuta.
My computer is slow.,Kwamfutata tana da jinkiri.
My computer is not working.,Kwamfutata ba ta aiki.
I need to install software.,Ina bukatar girka manhaja.
I need to update my computer.,Ina bukatar sabunta kwamfutata.
I need to print this document.,Ina bukatar buga wannan takarda.
Please send me the file.,Don Allah aiko mini da fayil din.
I received the message.,Na karbi sakon.
I sent the message.,Na aika da sakon.
Check your email.,Duba imel dinka.
I forgot my password.,Na manta kalmar sirrina.
Change your password.,Canja kalmar sirrinka.
Save the document.,Ajiye takardar.
Open the file.,Bude fayil din.
Close the application.,Rufe manhajar.
The computer is connected to the internet.,Kwamfutar tana hade da intanet.
The phone is connected to Wi-Fi.,Wayar tana hade da Wi-Fi.
I need technical support.,Ina bukatar taimakon fasaha.
The business is growing.,Kasuwancin yana bunkasa.
I have a small business.,Ina da karamin kasuwanci.
I want to start a business.,Ina son fara kasuwanci.
I want to expand my business.,Ina son fadada kasuwancina.
I need business capital.,Ina bukatar jarin kasuwanci.
I want to open an account.,Ina son buɗe asusu.
I need a bank account.,Ina bukatar asusun banki.
Where is the bank?,Ina bankin yake?
I am going to the bank.,Ina zuwa banki.
I want to deposit money.,Ina son saka kudi.
I want to withdraw money.,Ina son cire kudi.
How much money do you need?,Nawa kudi kake bukata?
I transferred the money.,Na tura kudin.
The money has arrived.,Kudin ya iso.
The payment was successful.,Biyan kudin ya yi nasara.
The payment failed.,Biyan kudin bai yi nasara ba.
I need a bank statement.,Ina bukatar bayanin asusun banki.
I lost my bank card.,Na rasa katin bankina.
Please block my card.,Don Allah kulle katina.
The bank is closed.,Bankin yana rufe.
The bank is open.,Bankin yana bude.
I want to speak to the manager.,Ina son magana da manaja.
The meeting starts at nine.,Taron zai fara da karfe tara.
The meeting has started.,Taron ya fara.
The meeting has finished.,Taron ya ƙare.
We need to discuss the problem.,Muna bukatar tattauna matsalar.
Let us make a decision.,Mu yanke shawara.
This is a good idea.,Wannan kyakkyawan ra'ayi ne.
I have a new idea.,Ina da sabon ra'ayi.
The project is important.,Aikin yana da muhimmanci.
We need more time.,Muna bukatar karin lokaci.
The work is finished.,Aikin ya ƙare.
The work is not finished.,Aikin bai ƙare ba.
I will finish the work tomorrow.,Zan kammala aikin gobe.
The government announced a new policy.,Gwamnati ta sanar da sabuwar manufa.
The government is working on the project.,Gwamnati tana aiki kan aikin.
The people need good services.,Mutane suna bukatar kyawawan ayyuka.
The election is coming.,Zabe yana zuwa.
The people are voting.,Mutane suna kada kuri'a.
The voter has registered.,Mai kada kuri'a ya yi rajista.
Where is the polling station?,Ina wurin kada kuri'a yake?
I need my identification card.,Ina bukatar katin shaidata.
The office is open.,Ofishin yana bude.
The office is closed.,Ofishin yana rufe.
I need an official document.,Ina bukatar takardar hukuma.
Please fill out this form.,Don Allah cika wannan fom.
Sign this document.,Sa hannu a wannan takarda.
Bring your identification.,Kawo katin shaidarka.
I have submitted the application.,Na gabatar da takardar neman.
My application has been accepted.,An amince da takardar nemana.
My application is being processed.,Ana duba takardar nemana.
I need more information.,Ina bukatar karin bayani.
Where can I get information?,Ina zan samu bayani?
The weather is good today.,Yanayi yana da kyau yau.
The weather is hot.,Yanayin yana da zafi.
The weather is cold.,Yanayin yana da sanyi.
It is raining.,Ana ruwan sama.
It is raining heavily.,Ana ruwan sama sosai.
The rain is coming.,Ruwan sama yana zuwa.
The sky is cloudy.,Sararin sama yana da gajimare.
The sun is shining.,Rana tana haskawa.
The wind is strong.,Iska tana da karfi.
There is a strong wind.,Akwai iska mai karfi.
It is very hot today.,Yau yana da zafi sosai.
It is very cold today.,Yau yana da sanyi sosai.
Will it rain today?,Ruwan sama zai yi yau?
The weather has changed.,Yanayi ya canja.
Take an umbrella.,Dauki laima.
The road isext wet.,Hanyar ta jike.
There is flooding.,Akwai ambaliya.
Stay indoors during the storm.,Zauna a gida lokacin hadari.
The storm is coming.,Hadari yana zuwa.
The weather forecast says it will rain.,Hasashen yanayi ya ce ruwan sama zai yi.
I woke up early today.,Na tashi da wuri yau.
I woke up late today.,Na tashi a makare yau.
I am still sleeping.,Har yanzu ina barci.
I just woke up.,Yanzu na tashi.
I am getting ready.,Ina shiryawa.
I am ready to leave.,Na shirya tafiya.
I am leaving now.,Yanzu zan tafi.
I will come back soon.,Zan dawo nan ba da jimawa ba.
I will come back later.,Zan dawo daga baya.
I will see you later.,Zan gan ka daga baya.
I saw you yesterday.,Na gan ka jiya.
I saw him yesterday.,Na gan shi jiya.
I saw her yesterday.,Na gan ta jiya.
I met my friend yesterday.,Na hadu da abokina jiya.
I will meet my friend tomorrow.,Zan hadu da abokina gobe.
Where were you yesterday?,Ina ka kasance jiya?
I was at home yesterday.,Ina gida jiya.
I was at school yesterday.,Ina makaranta jiya.
I was at work yesterday.,Ina wurin aiki jiya.
What are you doing now?,Me kake yi yanzu?
What did you do yesterday?,Me ka yi jiya?
What will you do tomorrow?,Me za ka yi gobe?
I am waiting for my friend.,Ina jiran abokina.
My friend is coming.,Abokina yana zuwa.
My friend has arrived.,Abokina ya iso.
This is my friend.,Wannan abokina ne.
He is my best friend.,Shi ne babban abokina.
She is my friend.,Ita abokiyata ce.
We are good friends.,Mu abokai ne na kwarai.
Let us talk.,Mu yi magana.
Let us talk about it.,Mu yi magana game da shi.
I want to talk to you.,Ina son magana da kai.
Can I talk to you?,Zan iya magana da kai?
Please call me.,Don Allah kira ni.
Please call him.,Don Allah kira shi.
Please call her.,Don Allah kira ta.
Please send it to me.,Don Allah aiko mini da shi.
Please give it to me.,Don Allah ba ni shi.
Please show me.,Don Allah nuna mini.
Show me the way.,Nuna mini hanya.
Which way should I go?,Wace hanya zan bi?
Go straight ahead.,Tafi kai tsaye.
Turn left.,Juya hagu.
Turn right.,Juya dama.
Come back.,Dawo.
Go ahead.,Ci gaba.
Stop here.,Tsaya a nan.
Follow me.,Bi ni.
Do not follow me.,Kada ka bi ni.
Stay here.,Zauna a nan.
Stay with me.,Zauna tare da ni.
Wait outside.,Jira a waje.
Wait inside.,Jira a ciki.
Come quickly.,Zo da sauri.
Go slowly.,Tafi a hankali.
Do it carefully.,Yi shi a hankali.
Do not touch it.,Kada ka taba shi.
Do not open it.,Kada ka bude shi.
Do not close it.,Kada ka rufe shi.
Do not forget.,Kada ka manta.
Remember this.,Ka tuna da wannan.
Remember my name.,Ka tuna sunana.
Tell me your name.,Faɗa mini sunanka.
Tell me where you live.,Faɗa mini inda kake zama.
Tell me what happened.,Faɗa mini abin da ya faru.
Tell me the truth.,Faɗa mini gaskiya.
Tell me everything.,Faɗa mini komai.
I have something to tell you.,Ina da abin da zan gaya maka.
I have good news.,Ina da labari mai kyau.
I have bad news.,Ina da mummunan labari.
That is good news.,Wannan labari ne mai kyau.
That is bad news.,Wannan mummunan labari ne.
I am happy to hear that.,Na yi farin cikin jin haka.
I am sorry to hear that.,Na yi bakin cikin jin haka.
Congratulations!,Taya murna!
Well done!,Madalla!
Good job!,Aikin kirki!
Keep it up.,Ci gaba da haka.
You did a good job.,Ka yi aiki mai kyau.
You are doing well.,Kana yin aiki da kyau.
I am proud of you.,Ina alfahari da kai.
Do not give up.,Kada ka karaya.
Never give up.,Kada ka taba karaya.
Be strong.,Ka kasance mai karfi.
Be careful with yourself.,Ka kula da kanka.
Take care of yourself.,Ka kula da kanka.
Have a nice day.,Allah ya ba ka yini mai kyau.
Have a good journey.,Allah ya kiyaye tafiyarka.
Good luck.,Sa'a mai kyau.
May God help you.,Allah ya taimake ka.
May God bless you.,Allah ya albarkace ka.
May God protect you.,Allah ya kiyaye ka.
I hope you are well.,Ina fatan kana lafiya.
I hope everything is fine.,Ina fatan komai yana lafiya.
I hope you understand.,Ina fatan ka fahimta.
I hope you come tomorrow.,Ina fatan za ka zo gobe.
I am happy today.,Ina farin ciki yau.
I am sad today.,Ina bakin ciki yau.
I am worried.,Ina cikin damuwa.
I am afraid.,Ina tsoro.
Do not be afraid.,Kada ka ji tsoro.
There is nothing to fear.,Babu abin tsoro.
Everything will be fine.,Komai zai kasance lafiya.
Things will get better.,Abubuwa za su inganta.
I need some advice.,Ina bukatar shawara.
Give me your advice.,Ba ni shawararka.
What do you think?,Me kake tunani?
I think it is good.,Ina ganin yana da kyau.
I think you are right.,Ina ganin kana da gaskiya.
I think you are wrong.,Ina ganin ka yi kuskure.
Maybe you are right.,Wataƙila kana da gaskiya.
Maybe tomorrow.,Wataƙila gobe.
I am not sure.,Ban tabbata ba.
I am sure.,Na tabbata.
Are you sure?,Ka tabbata?
Yes, I am sure.,Eh, na tabbata.
No, I am not sure.,A'a, ban tabbata ba.
That is possible.,Hakan yana yiwuwa.
That is impossible.,Hakan ba zai yiwu ba.
It is important.,Yana da muhimmanci.
It is not important.,Ba shi da muhimmanci.
It is necessary.,Ya zama dole.
It is not necessary.,Ba dole ba ne.
I need more time.,Ina bukatar karin lokaci.
Give me five minutes.,Ba ni minti biyar.
Give me ten minutes.,Ba ni minti goma.
I will be back in an hour.,Zan dawo cikin awa daya.
I have been waiting for an hour.,Na shafe awa daya ina jira.
I have been waiting for a long time.,Na dade ina jira.
Why are you late?,Me ya sa ka makara?
I am late because of traffic.,Na makara saboda cunkoso.
The traffic is heavy today.,Cunkoson ababen hawa yana da yawa yau.
The road is very busy.,Hanyar tana da cunkoso sosai.
I cannot come today.,Ba zan iya zuwa yau ba.
I can come tomorrow.,Zan iya zuwa gobe.
Can you come today?,Za ka iya zuwa yau?
Can you come tomorrow?,Za ka iya zuwa gobe?
When can you come?,Yaushe za ka iya zuwa?
I can come in the morning.,Zan iya zuwa da safe.
I can come in the afternoon.,Zan iya zuwa da rana.
I can come in the evening.,Zan iya zuwa da yamma.
I will come at night.,Zan zo da dare.
What time should I come?,Karfe nawa zan zo?
Come at eight o'clock.,Zo da karfe takwas.
Come before noon.,Zo kafin azahar.
Come after lunch.,Zo bayan abincin rana.
Do you have time?,Kana da lokaci?
I have some time.,Ina da dan lokaci.
I do not have time now.,Ba ni da lokaci yanzu.
I am busy right now.,Ina cikin aiki yanzu.
I will be free later.,Zan samu lokaci daga baya.
Let's meet tomorrow.,Mu hadu gobe.
Where should we meet?,Ina za mu hadu?
Let's meet at the market.,Mu hadu a kasuwa.
Let's meet at the school.,Mu hadu a makaranta.
Let's meet at the office.,Mu hadu a ofis.
I will wait for you there.,Zan jira ka a can.
Do not be late.,Kada ka makara.
Please come on time.,Don Allah zo akan lokaci.
I arrived on time.,Na iso akan lokaci.
I arrived late.,Na iso a makare.
I left early.,Na tafi da wuri.
I will leave soon.,Zan tafi nan ba da jimawa ba.
I have to leave now.,Dole in tafi yanzu.
I do not want to leave.,Ba na son tafiya.
I want to stay here.,Ina son zama a nan.
Can I stay here?,Zan iya zama a nan?
You can stay here.,Za ka iya zama a nan.
You cannot stay here.,Ba za ka iya zama a nan ba.
This place is safe.,Wannan wurin yana da aminci.
This place is dangerous.,Wannan wurin yana da haɗari.
The house is beautiful.,Gidan yana da kyau.
The house is big.,Gidan yana da girma.
The house is small.,Gidan yana da karami.
The house is clean.,Gidan yana da tsabta.
The house is dirty.,Gidan yana da datti.
Clean the house.,Tsaftace gidan.
The room needs cleaning.,Dakin yana bukatar tsaftacewa.
I am cleaning the room.,Ina tsaftace dakin.
I am washing my clothes.,Ina wanke tufafina.
My clothes are clean.,Tufafina suna da tsabta.
My clothes are dirty.,Tufafina suna da datti.
I need new clothes.,Ina bukatar sabbin tufafi.
I bought new clothes.,Na sayi sabbin tufafi.
This shirt is beautiful.,Wannan riga tana da kyau.
This shirt is too big.,Wannan rigar ta yi girma sosai.
This shirt is too small.,Wannan rigar ta yi karami sosai.
I like this color.,Ina son wannan launi.
I do not like this color.,Ba na son wannan launi.
What color do you want?,Wane launi kake so?
I want a white shirt.,Ina son farar riga.
I want a black shirt.,Ina son bakar riga.
I want a blue shirt.,Ina son rigar shudi.
I want a green shirt.,Ina son rigar kore.
I want a red shirt.,Ina son rigar ja.
Where are my shoes?,Ina takalmana suke?
I need new shoes.,Ina bukatar sabbin takalma.
These shoes are comfortable.,Wadannan takalman suna da dadi.
These shoes are expensive.,Wadannan takalman suna da tsada.
These shoes are cheap.,Wadannan takalman suna da sauki.
I want to try them.,Ina son gwada su.
They fit me well.,Sun yi mini daidai.
This size is good for me.,Wannan girman ya dace da ni.
Do you have a larger size?,Kuna da girma mafi girma?
Do you have a smaller size?,Kuna da girma mafi karami?
Where is the fitting room?,Ina dakin gwaji yake?
I want to buy this.,Ina son sayen wannan.
I changed my mind.,Na canja ra'ayina.
I will think about it.,Zan yi tunani a kai.
I will come back later.,Zan dawo daga baya.
Can you give me a discount?,Za ka iya rage mini farashi?
This is my final price.,Wannan shi ne farashina na ƙarshe.
I cannot pay that much.,Ba zan iya biyan wannan adadin ba.
I can pay this amount.,Zan iya biyan wannan adadin.
Do you have change?,Kuna da canji?
I need change.,Ina bukatar canji.
Here is your change.,Ga canjinka.
Count the money.,Kirga kudin.
The money is correct.,Kudin daidai ne.
The money is not enough.,Kudin bai isa ba.
I will pay tomorrow.,Zan biya gobe.
I have already paid.,Na riga na biya.
Have you paid?,Ka biya?
The customer is waiting.,Abokin ciniki yana jira.
The customer is happy.,Abokin ciniki yana farin ciki.
The customer is angry.,Abokin ciniki yana fushi.
The shopkeeper is busy.,Mai shagon yana cikin aiki.
The shopkeeper is friendly.,Mai shagon yana da kirki.
I want to speak to the owner.,Ina son magana da mai shi.
Who owns this shop?,Wanene mai wannan shagon?
The shop opens at eight.,Shagon yana bude da karfe takwas.
The shop closes at six.,Shagon yana rufe da karfe shida.
We have many customers.,Muna da abokan ciniki da yawa.
We need more customers.,Muna bukatar karin abokan ciniki.
The business is doing well.,Kasuwancin yana tafiya da kyau.
The business is not doing well.,Kasuwancin baya tafiya da kyau.
We made a profit.,Mun samu riba.
We made a loss.,Mun yi asara.
The price is changing.,Farashin yana canjawa.
The demand is high.,Bukatar kayan tana da yawa.
The demand is low.,Bukatar kayan ba ta da yawa.
We need more products.,Muna bukatar karin kaya.
The products are available.,Kayayyakin suna nan.
The product is out of stock.,Kayan ya kare.
When will it be available?,Yaushe zai samu?
We will receive it tomorrow.,Za mu karbe shi gobe.
Please place an order.,Don Allah yi oda.
I want to place an order.,Ina son yin oda.
Your order is ready.,Odar ka ta shirya.
Your order has arrived.,Odar ka ta iso.
Please check the order.,Don Allah duba odar.
The order is incomplete.,Odar ba ta cika ba.
The order is correct.,Odar daidai ce.
I received the wrong item.,Na karbi kayan da ba daidai ba.
I want to return this item.,Ina son mayar da wannan kaya.
Can I exchange this item?,Zan iya canja wannan kaya?
The item is damaged.,Kayan ya lalace.
The item is new.,Kayan sabo ne.
The item is used.,An taba amfani da kayan.
This product is good quality.,Wannan kayan yana da inganci.
The quality is poor.,Ingancin ba shi da kyau.
The quality is excellent.,Ingancin yana da kyau sosai.
I recommend this product.,Ina ba da shawarar wannan kayan.
I need a good product.,Ina bukatar kaya mai kyau.
Where was this product made?,Ina aka kera wannan kayan?
This product was made in Nigeria.,An kera wannan kayan a Najeriya.
The machine is working.,Na'urar tana aiki.
The machine has stopped.,Na'urar ta tsaya.
The machine needs repair.,Na'urar tana bukatar gyara.
Call the technician.,Kira mai gyaran na'ura.
The technician is coming.,Mai gyaran na'ura yana zuwa.
The computer needs repair.,Kwamfutar tana bukatar gyara.
The phone needs repair.,Wayar tana bukatar gyara.
The screen is broken.,Allon ya karye.
The keyboard is not working.,Allon madannai baya aiki.
The mouse is not working.,Mouse din baya aiki.
The printer is not working.,Na'urar bugawa ba ta aiki.
The printer has no ink.,Na'urar bugawa ba ta da tawada.
The file is missing.,Fayil din ya bace.
I cannot open the file.,Ba zan iya bude fayil din ba.
I cannot save the file.,Ba zan iya ajiye fayil din ba.
The computer needs an update.,Kwamfutar tana bukatar sabuntawa.
Restart the computer.,Sake kunna kwamfutar.
Turn off the computer.,Kashe kwamfutar.
Turn on the computer.,Kunna kwamfutar.
Connect the charger.,Hada caja.
Disconnect the charger.,Cire caja.
The charger is damaged.,Caja ya lalace.
The cable is broken.,Wayar haɗin ta karye.
I need a new cable.,Ina bukatar sabuwar wayar haɗi.
The signal is weak.,Sigina yana da rauni.
The network is down.,Cibiyar sadarwa ta daina aiki.
The network is working.,Cibiyar sadarwa tana aiki.
I have no internet connection.,Ba ni da hanyar intanet.
The internet connection is strong.,Hanyar intanet tana da karfi.
The internet connection is weak.,Hanyar intanet tana da rauni.
Send the information by email.,Aika bayanin ta imel.
Download the file.,Sauke fayil din.
Upload the file.,Loda fayil din.
Delete the file.,Goge fayil din.
Copy the file.,Kwafi fayil din.
Move the file.,Matsar da fayil din.
Open the folder.,Bude babban fayil din.
Create a new folder.,Kirkiri sabon babban fayil.
Save the changes.,Ajiye canje-canjen.
The system is ready.,Tsarin ya shirya.
The system is not working.,Tsarin baya aiki.
The application is open.,Manhajar a bude take.
The application is closed.,An rufe manhajar.
I need to install the application.,Ina bukatar girka manhajar.
I need to remove the application.,Ina bukatar cire manhajar.
The password is incorrect.,Kalmar sirrin ba daidai ba ce.
The password is correct.,Kalmar sirrin daidai ce.
Enter your password.,Shigar da kalmar sirrinka.
Enter your username.,Shigar da sunan mai amfani.
Create an account.,Kirkiri asusu.
Log in to your account.,Shiga asusunka.
Log out of your account.,Fita daga asusunka.
I cannot log in.,Ba zan iya shiga ba.
I forgot my username.,Na manta sunan mai amfani.
The account is locked.,An kulle asusun.
Unlock the account.,Buɗe asusun.
Change the language.,Canja harshe.
Select English.,Zaɓi Turanci.
Select Hausa.,Zaɓi Hausa.
The translation is correct.,Fassarar daidai ce.
The translation is not correct.,Fassarar ba daidai ba ce.
Please check the translation.,Don Allah duba fassarar.
I need a better translation.,Ina bukatar fassara mafi kyau.
This sentence is easy.,Wannan jimla tana da sauki.
This sentence is difficult.,Wannan jimla tana da wahala.
Translate this sentence.,Fassara wannan jimlar.
Translate the following text.,Fassara rubutun da ke gaba.
The text is long.,Rubutun yana da tsawo.
The text is short.,Rubutun gajere ne.
I am writing a letter.,Ina rubuta wasiƙa.
I am reading a letter.,Ina karanta wasiƙa.
Send me the letter.,Aiko mini da wasiƙar.
I received your letter.,Na karbi wasiƙarka.
I will reply to your message.,Zan amsa sakonka.
Please reply to me.,Don Allah amsa mini.
I am waiting for your reply.,Ina jiran amsarka.
I am going to the market.,Ina zuwa kasuwa.
I went to the market yesterday.,Na je kasuwa jiya.
I will go to the market tomorrow.,Zan je kasuwa gobe.
What do you want from the market?,Me kake so daga kasuwa?
What are you buying?,Me kake saya?
What did you buy?,Me ka saya?
I want to buy rice.,Ina son sayen shinkafa.
I want to buy beans.,Ina son sayen wake.
I want to buy vegetables.,Ina son sayen kayan lambu.
I want to buy meat.,Ina son sayen nama.
I want to buy fish.,Ina son sayen kifi.
I want to buy bread.,Ina son sayen burodi.
I want to buy milk.,Ina son sayen madara.
I want to buy sugar.,Ina son sayen sukari.
I want to buy salt.,Ina son sayen gishiri.
I want to buy cooking oil.,Ina son sayen man girki.
How much is the rice?,Nawa ne farashin shinkafar?
How much is the beans?,Nawa ne farashin waken?
How much is the meat?,Nawa ne farashin naman?
How much is the fish?,Nawa ne farashin kifin?
How much is this bag?,Nawa ne farashin wannan jakar?
How much are these shoes?,Nawa ne farashin wadannan takalman?
The price is too high.,Farashin ya yi tsada sosai.
The price is reasonable.,Farashin ya dace.
Can you reduce the price?,Za ka iya rage farashin?
Please reduce the price.,Don Allah rage farashin.
I cannot afford it.,Ba zan iya siyan shi ba.
I do not have enough money.,Ba ni da isasshen kudi.
I have enough money.,Ina da isasshen kudi.
I will pay in cash.,Zan biya da tsabar kudi.
I will pay by transfer.,Zan biya ta hanyar canja wurin kudi.
Do you accept transfers?,Kuna karɓar canja wurin kudi?
Do you accept cash?,Kuna karɓar tsabar kudi?
Do you accept cards?,Kuna karɓar katuna?
Give me one kilogram.,Ba ni kilo daya.
Give me two kilograms.,Ba ni kilo biyu.
Give me half a kilogram.,Ba ni rabin kilo.
Give me one bag.,Ba ni jaka daya.
Give me two bags.,Ba ni jakunkuna biyu.
Measure it carefully.,Auna shi a hankali.
Weigh it for me.,Auna shi mini.
Put it in a bag.,Saka shi cikin jaka.
Give me another one.,Ba ni wani guda.
I want another one.,Ina son wani guda.
This one is better.,Wannan ya fi kyau.
That one is cheaper.,Wancan ya fi sauki.
This one is expensive.,Wannan ya yi tsada.
The goods are fresh.,Kayayyakin sabbi ne.
The vegetables are fresh.,Kayan lambun sabbi ne.
The meat is fresh.,Naman sabo ne.
The fish is fresh.,Kifin sabo ne.
The food is fresh.,Abincin sabo ne.
The food is hot.,Abincin yana da zafi.
The food is cold.,Abincin yana da sanyi.
The food is delicious.,Abincin yana da dadi.
The food is not delicious.,Abincin ba shi da dadi.
I am hungry.,Ina jin yunwa.
I am thirsty.,Ina jin ƙishirwa.
I want to eat.,Ina son cin abinci.
I want to drink water.,Ina son shan ruwa.
Bring me some water.,Kawo mini ruwa.
Bring me some food.,Kawo mini abinci.
Bring the food here.,Kawo abincin nan.
Put the food on the table.,Sanya abincin a kan tebur.
The table is clean.,Teburin yana da tsabta.
Wash the plates.,Wanke faranti.
Wash the cups.,Wanke kofuna.
Wash the spoons.,Wanke cokula.
The plate is broken.,Farantin ya karye.
The cup is broken.,Kofin ya karye.
I need a spoon.,Ina bukatar cokali.
I need a knife.,Ina bukatar wuka.
I need a plate.,Ina bukatar faranti.
I need a cup.,Ina bukatar kofi.
I need a bottle.,Ina bukatar kwalba.
The water is clean.,Ruwan yana da tsabta.
The water is dirty.,Ruwan yana da datti.
The water is cold.,Ruwan yana da sanyi.
The water is hot.,Ruwan yana da zafi.
Boil the water.,Tafasa ruwan.
Drink the water.,Sha ruwan.
Do not drink dirty water.,Kada ka sha ruwa mai datti.
The food is ready.,Abincin ya shirya.
The food is not ready.,Abincin bai shirya ba.
Lunch is ready.,Abincin rana ya shirya.
Dinner is ready.,Abincin dare ya shirya.
Breakfast is ready.,Abincin safe ya shirya.
Let us eat.,Mu ci abinci.
Let us drink.,Mu sha.
I have eaten.,Na ci abinci.
I have not eaten.,Ban ci abinci ba.
Have you eaten?,Ka ci abinci?
Yes, I have eaten.,Eh, na ci abinci.
No, I have not eaten.,A'a, ban ci abinci ba.
I am full.,Na koshi.
I am still hungry.,Har yanzu ina jin yunwa.
The food is finished.,Abincin ya ƙare.
There is no more food.,Babu sauran abinci.
There is enough food.,Akwai isasshen abinci.
There is not enough food.,Abincin bai isa ba.
Prepare the food.,Shirya abincin.
Cook the rice.,Dafa shinkafar.
Cook the beans.,Dafa wake.
Cook the meat.,Dafa nama.
Fry the fish.,Soya kifin.
Cut the vegetables.,Yanka kayan lambun.
Wash the vegetables.,Wanke kayan lambun.
Peel the potatoes.,Bare dankali.
Add some salt.,Ƙara gishiri kadan.
Add some sugar.,Ƙara sukari kadan.
Add some water.,Ƙara ruwa kadan.
Do not add too much salt.,Kada ka ƙara gishiri da yawa.
The food needs more salt.,Abincin yana bukatar karin gishiri.
The food is too salty.,Abincin ya yi gishiri sosai.
The food is too hot.,Abincin ya yi zafi sosai.
The food is too cold.,Abincin ya yi sanyi sosai.
The food is too sweet.,Abincin ya yi zaƙi sosai.
The food is ready to serve.,Abincin ya shirya don ci.
Serve the food.,Raba abincin.
Give everyone some food.,Ba kowa abinci.
Share the food.,Raba abincin.
Eat slowly.,Ci a hankali.
Eat carefully.,Ci a hankali.
Do not waste food.,Kada ka barnatar da abinci.
Save some food for me.,Ajiye mini abinci kadan.
Keep the food covered.,Rufe abincin.
Put the food in the refrigerator.,Sanya abincin cikin firinji.
The refrigerator is full.,Firinjin ya cika.
The refrigerator is empty.,Firinjin babu komai.
The food has spoiled.,Abincin ya lalace.
Do not eat spoiled food.,Kada ka ci abincin da ya lalace.
The milk has spoiled.,Madarar ta lalace.
The bread is fresh.,Burodin sabo ne.
The bread is dry.,Burodin ya bushe.
The bread is soft.,Burodin yana da laushi.
The bread is hard.,Burodin ya yi tauri.
I like this food.,Ina son wannan abincin.
I do not like this food.,Ba na son wannan abincin.
What is this food called?,Me ake kira wannan abincin?
What ingredients are needed?,Wadanne kayan hadi ake bukata?
I need an onion.,Ina bukatar albasa.
I need tomatoes.,Ina bukatar tumatir.
I need pepper.,Ina bukatar barkono.
I need garlic.,Ina bukatar tafarnuwa.
I need ginger.,Ina bukatar citta.
I need potatoes.,Ina bukatar dankali.
I need maize.,Ina bukatar masara.
I need millet.,Ina bukatar gero.
I need sorghum.,Ina bukatar dawa.
I need groundnuts.,Ina bukatar gyada.
I need cassava.,Ina bukatar rogo.
I need yam.,Ina bukatar doya.
I need cooking utensils.,Ina bukatar kayan girki.
The kitchen is clean.,Kicin yana da tsabta.
The kitchen is dirty.,Kicin yana da datti.
Clean the kitchen.,Tsaftace kicin.
The fire is burning.,Wutar tana ci.
Light the fire.,Kunna wuta.
Put out the fire.,Kashe wuta.
The fire is too strong.,Wutar tana da karfi sosai.
The fire is weak.,Wutar tana da rauni.
The pot is on the fire.,Tukunyar tana kan wuta.
Remove the pot from the fire.,Cire tukunyar daga kan wuta.
The food is cooking.,Abincin yana dahuwa.
The food is burning.,Abincin yana konewa.
The rice is cooked.,Shinkafar ta dahu.
The rice is not cooked.,Shinkafar ba ta dahu ba.
The beans are cooked.,Waken ya dahu.
The beans are not cooked.,Waken bai dahu ba.
The meat is cooked.,Naman ya dahu.
The meat is not cooked.,Naman bai dahu ba.
The farmer is working.,Manomin yana aiki.
The farmers are working.,Manoma suna aiki.
The farmer is in the field.,Manomi yana gona.
The farmers are in the field.,Manoma suna gona.
The farm is large.,Gonar tana da girma.
The farm is small.,Gonar tana da karami.
The soil is fertile.,Kasar tana da amfani.
The soil is dry.,Kasar ta bushe.
The soil is wet.,Kasar tana da danshi.
The rain has started.,Ruwan sama ya fara.
The rain has stopped.,Ruwan sama ya tsaya.
The rain is heavy.,Ruwan sama yana da yawa.
The rain is light.,Ruwan sama ba shi da yawa.
The crops need water.,Amfanin gona suna bukatar ruwa.
Water the crops.,Shayar da amfanin gona.
Plant the seeds.,Shuka iri.
The seeds are ready.,Irin ya shirya.
The seeds are good.,Irin yana da kyau.
The seeds are bad.,Irin ba shi da kyau.
The farmer planted maize.,Manomi ya shuka masara.
The farmer planted rice.,Manomi ya shuka shinkafa.
The farmer planted beans.,Manomi ya shuka wake.
The farmer planted millet.,Manomi ya shuka gero.
The farmer planted sorghum.,Manomi ya shuka dawa.
The farmer planted vegetables.,Manomi ya shuka kayan lambu.
The crops are growing.,Amfanin gona suna girma.
The crops are healthy.,Amfanin gona suna da lafiya.
The crops are damaged.,Amfanin gona sun lalace.
The crops are ready for harvest.,Amfanin gona sun shirya girbi.
The harvest has started.,Girbi ya fara.
The harvest is good.,Girbin yana da kyau.
The harvest is poor.,Girbin bai yi kyau ba.
The farmer is harvesting rice.,Manomi yana girbin shinkafa.
The farmer is harvesting maize.,Manomi yana girbin masara.
The farmer is harvesting beans.,Manomi yana girbin wake.
The farmer is carrying a sack.,Manomi yana dauke da jaka.
The sack is heavy.,Jakar tana da nauyi.
The sack is light.,Jakar ba ta da nauyi.
The farmer needs a tractor.,Manomi yana bukatar tarakta.
The tractor is working.,Tarakta tana aiki.
The tractor has stopped.,Tarakta ta tsaya.
The tractor needs fuel.,Tarakta tana bukatar man fetur.
The farmer needs fertilizer.,Manomi yana bukatar taki.
The farmer bought fertilizer.,Manomi ya sayi taki.
The farmer bought seeds.,Manomi ya sayi iri.
The farmer bought a hoe.,Manomi ya sayi fartanya.
The farmer bought a shovel.,Manomi ya sayi shebur.
The farmer is using a hoe.,Manomi yana amfani da fartanya.
The farmer is using a shovel.,Manomi yana amfani da shebur.
The farmer is digging the soil.,Manomi yana tona kasa.
The farmer is planting crops.,Manomi yana shuka amfanin gona.
The farmer is removing weeds.,Manomi yana cire ciyawa.
Remove the weeds from the farm.,Cire ciyawar daga gona.
The weeds are growing quickly.,Ciyawar tana girma da sauri.
The crops need fertilizer.,Amfanin gona suna bukatar taki.
The farm needs more water.,Gonar tana bukatar karin ruwa.
The farmer needs help.,Manomi yana bukatar taimako.
Help the farmer.,Taimaka wa manomi.
The farmer is tired.,Manomi ya gaji.
The farmer is resting.,Manomi yana hutawa.
The farmer has a large farm.,Manomi yana da babbar gona.
The farmer has many animals.,Manomi yana da dabbobi da yawa.
The cow is eating grass.,Saniya tana cin ciyawa.
The cows are eating grass.,Shanun suna cin ciyawa.
The goat is eating grass.,Akuya tana cin ciyawa.
The goats are eating grass.,Awakin suna cin ciyawa.
The sheep are eating grass.,Tumaki suna cin ciyawa.
The chickens are eating.,Kaji suna ci.
The farmer feeds the animals.,Manomi yana ciyar da dabbobi.
Give water to the animals.,Ba dabbobin ruwa.
The animals need water.,Dabbobin suna bukatar ruwa.
The animals are healthy.,Dabbobin suna da lafiya.
The animal is sick.,Dabbar tana rashin lafiya.
Call the veterinarian.,Kira likitan dabbobi.
The goat is sick.,Akuya tana rashin lafiya.
The cow is sick.,Saniya tana rashin lafiya.
The chicken is sick.,Kaza tana rashin lafiya.
The animals are in the farm.,Dabbobin suna gona.
The farmer built a shelter for the animals.,Manomi ya gina matsuguni ga dabbobin.
The weather is good for farming.,Yanayin yana da kyau ga noma.
The weather is bad for farming.,Yanayin bai dace da noma ba.
We need rain.,Muna bukatar ruwan sama.
We need more rain.,Muna bukatar karin ruwan sama.
The drought is severe.,Fari yana da tsanani.
The drought has affected the crops.,Fari ya shafi amfanin gona.
The farmer lost his crops.,Manomi ya rasa amfanin gonarsa.
The farmer made a good harvest.,Manomi ya samu girbi mai kyau.
The farmer sold his crops.,Manomi ya sayar da amfanin gonarsa.
The farmer took the crops to the market.,Manomi ya kai amfanin gonar kasuwa.
The price of maize is high.,Farashin masara ya yi tsada.
The price of rice is high.,Farashin shinkafa ya yi tsada.
The price of beans is high.,Farashin wake ya yi tsada.
The price of fertilizer is high.,Farashin taki ya yi tsada.
Farmers need support.,Manoma suna bukatar tallafi.
The government should support farmers.,Ya kamata gwamnati ta tallafa wa manoma.
Agriculture is important.,Noma yana da muhimmanci.
Agriculture provides food.,Noma yana samar da abinci.
Agriculture provides jobs.,Noma yana samar da ayyukan yi.
Many people depend on agriculture.,Mutane da yawa sun dogara da noma.
We should improve agriculture.,Ya kamata mu inganta noma.
Modern farming is important.,Noman zamani yana da muhimmanci.
I want to become a farmer.,Ina son zama manomi.
My father is a farmer.,Mahaifina manomi ne.
My mother works on the farm.,Mahaifiyata tana aiki a gona.
My family owns a farm.,Iyalina suna da gona.
We work together on the farm.,Muna aiki tare a gona.
We go to the farm every morning.,Muna zuwa gona kowace safiya.
We return home in the evening.,Muna dawowa gida da yamma.
The farm is far from the house.,Gonar tana da nisa da gidan.
The farm is near the village.,Gonar tana kusa da ƙauyen.
The road to the farm is bad.,Hanyar zuwa gona ba ta da kyau.
The road to the farm is good.,Hanyar zuwa gona tana da kyau.
The farmer repaired the fence.,Manomi ya gyara shingen.
The fence is broken.,Shingen ya karye.
The gate is open.,Ƙofar shiga a bude take.
Close the farm gate.,Rufe ƙofar gonar.
Keep the animals inside.,Ajiye dabbobin a ciki.
Do not let the animals escape.,Kada ka bar dabbobin su tsere.
The cow escaped.,Saniya ta tsere.
The goat escaped.,Akuya ta tsere.
We found the animal.,Mun sami dabbar.
The farmer found his goat.,Manomi ya sami akuyarsa.
The farmer lost his goat.,Manomi ya rasa akuyarsa.
The farmer is looking for his cow.,Manomi yana neman saniyarsa.
Where is the farm?,Ina gonar take?
Where is the farmer?,Ina manomin yake?
What crops do you grow?,Wane irin amfanin gona kuke shukawa?
Do you grow rice?,Kuna shuka shinkafa?
Do you grow maize?,Kuna shuka masara?
Do you grow beans?,Kuna shuka wake?
How many acres is the farm?,Fadin gonar eka nawa ne?
How much did you harvest?,Nawa kuka girba?
When will you harvest?,Yaushe za ku yi girbi?
When will you plant?,Yaushe za ku yi shuka?
The planting season has started.,Lokacin shuka ya fara.
The harvest season has started.,Lokacin girbi ya fara.
We are preparing the farm.,Muna shirya gona.
The farm is ready for planting.,Gonar ta shirya don shuka.
The farmer needs a water pump.,Manomi yana bukatar famfon ruwa.
The water pump is working.,Famfon ruwa yana aiki.
The water pump is broken.,Famfon ruwa ya lalace.
Repair the water pump.,Gyara famfon ruwa.
The farmer needs electricity.,Manomi yana bukatar wutar lantarki.
The farm has no electricity.,Gonar ba ta da wutar lantarki.
Solar power can help farmers.,Hasken rana zai iya taimaka wa manoma.
Technology can improve farming.,Fasaha na iya inganta noma.
Farmers need training.,Manoma suna bukatar horo.
The farmer attended a training.,Manomi ya halarci horo.
The training was useful.,Horon yana da amfani.
We learned new farming methods.,Mun koyi sabbin hanyoyin noma.
The new method is effective.,Sabuwar hanyar tana da tasiri.
We should use modern technology.,Ya kamata mu yi amfani da fasahar zamani.
The farmer keeps records.,Manomi yana adana bayanai.
Keep a record of your expenses.,Ajiye bayanan kudaden da kake kashewa.
Keep a record of your harvest.,Ajiye bayanan girbinka.
The farmer sold the harvest.,Manomi ya sayar da girbin.
The farmer saved some money.,Manomi ya ajiye wasu kudi.
The farmer invested in his farm.,Manomi ya saka jari a gonarsa.
The farm business is growing.,Kasuwancin gonar yana bunkasa.
The farmer needs a loan.,Manomi yana bukatar rance.
The bank gave the farmer a loan.,Banki ya ba manomi rance.
The farmer repaid the loan.,Manomi ya biya bashin.
The farmer needs insurance.,Manomi yana bukatar inshora.
Insurance can protect farmers.,Inshora na iya kare manoma.
I feel sick.,Ina jin rashin lafiya.
I am not feeling well.,Ba na jin dadi.
I have a headache.,Ina ciwon kai.
I have a stomach ache.,Ina ciwon ciki.
I have a fever.,Ina da zazzabi.
I have a cough.,Ina tari.
I have a cold.,Ina mura.
I have a sore throat.,Makogwarona yana ciwo.
My back hurts.,Bayana yana ciwo.
My leg hurts.,Kafata tana ciwo.
My arm hurts.,Hannuna yana ciwo.
My chest hurts.,Kirjina yana ciwo.
My tooth hurts.,Hakori na yana ciwo.
My ear hurts.,Kunnena yana ciwo.
My eye hurts.,Idona yana ciwo.
I feel dizzy.,Ina jin jiri.
I feel weak.,Ina jin rauni.
I feel tired.,Ina jin gajiya.
I cannot sleep.,Ba zan iya yin barci ba.
I cannot breathe well.,Ba zan iya numfashi da kyau ba.
I need a doctor.,Ina bukatar likita.
I need a nurse.,Ina bukatar nas.
I need medicine.,Ina bukatar magani.
Call a doctor.,Kira likita.
Call a nurse.,Kira nas.
Call an ambulance.,Kira motar asibiti.
Take me to the hospital.,Kai ni asibiti.
Where is the hospital?,Ina asibitin yake?
Where is the nearest hospital?,Ina asibitin da ya fi kusa?
Is there a hospital nearby?,Akwai asibiti a kusa?
Is there a pharmacy nearby?,Akwai kantin magani a kusa?
Where is the pharmacy?,Ina kantin maganin yake?
I need to see a doctor.,Ina bukatar ganin likita.
I have an appointment with the doctor.,Ina da alƙawari da likita.
I came to see the doctor.,Na zo ganin likita.
The doctor is busy.,Likita yana cikin aiki.
The doctor will see you soon.,Likita zai gan ka nan ba da jimawa ba.
Please wait for the doctor.,Don Allah jira likita.
The nurse is coming.,Nas tana zuwa.
The hospital is crowded.,Asibitin yana da cunkoso.
The hospital is clean.,Asibitin yana da tsabta.
The hospital is far away.,Asibitin yana da nisa.
The hospital is nearby.,Asibitin yana kusa.
I have never been here before.,Ban taba zuwa nan ba.
This is my first visit.,Wannan shi ne zuwana na farko.
I have been here before.,Na taba zuwa nan.
I need emergency treatment.,Ina bukatar maganin gaggawa.
This is an emergency.,Wannan lamari ne na gaggawa.
It is very serious.,Lamarin yana da tsanani sosai.
He is seriously ill.,Yana fama da rashin lafiya mai tsanani.
She is seriously ill.,Tana fama da rashin lafiya mai tsanani.
The patient is unconscious.,Mara lafiyar yana sume.
The patient is awake.,Mara lafiyar yana farke.
The patient is sleeping.,Mara lafiyar yana barci.
The patient is recovering.,Mara lafiyar yana murmurewa.
The patient is getting better.,Mara lafiyar yana samun sauki.
The patient is getting worse.,Mara lafiyar yana kara muni.
The patient needs rest.,Mara lafiyar yana bukatar hutu.
The patient needs water.,Mara lafiyar yana bukatar ruwa.
Do not give him food.,Kada ka ba shi abinci.
Do not give her water.,Kada ka ba ta ruwa.
Give him some water.,Ba shi ruwa kadan.
Give her some water.,Ba ta ruwa kadan.
Take this medicine.,Sha wannan maganin.
Take the medicine twice a day.,Sha maganin sau biyu a rana.
Take the medicine after food.,Sha maganin bayan cin abinci.
Take the medicine before food.,Sha maganin kafin cin abinci.
Do not miss your medicine.,Kada ka manta da shan maganinka.
Do not take too much medicine.,Kada ka sha magani da yawa.
The medicine is finished.,Maganin ya ƙare.
I need another prescription.,Ina bukatar wata takardar magani.
Where is my prescription?,Ina takardar maganina take?
The doctor wrote a prescription.,Likita ya rubuta takardar magani.
Buy the medicine from the pharmacy.,Sayi maganin daga kantin magani.
The medicine is expensive.,Maganin yana da tsada.
The medicine is cheap.,Maganin yana da sauki.
This medicine is effective.,Wannan maganin yana da tasiri.
The medicine is not working.,Maganin baya aiki.
I am allergic to this medicine.,Wannan maganin yana sa ni rashin lafiya.
I cannot take this medicine.,Ba zan iya shan wannan maganin ba.
Tell the doctor about your allergy.,Faɗa wa likita game da rashin lafiyar da kake da ita.
Tell the doctor everything.,Faɗa wa likita komai.
Tell the doctor where it hurts.,Faɗa wa likita inda yake ciwo.
When did the pain start?,Yaushe ciwon ya fara?
How long have you been sick?,Tun yaushe kake rashin lafiya?
Do you have a fever?,Kana da zazzabi?
Do you have a cough?,Kana tari?
Are you having difficulty breathing?,Kana samun wahalar numfashi?
Are you in pain?,Kana jin ciwo?
Where does it hurt?,Ina yake ciwo?
Does it hurt here?,Yana ciwo a nan?
The pain is severe.,Ciwon yana da tsanani.
The pain is mild.,Ciwon ba shi da tsanani.
The pain is getting worse.,Ciwon yana kara tsananta.
The pain is getting better.,Ciwon yana samun sauki.
I have had this pain for two days.,Na shafe kwana biyu ina jin wannan ciwon.
I have had this cough for a week.,Na shafe mako guda ina wannan tari.
I have been sick since yesterday.,Ina rashin lafiya tun jiya.
I need to rest.,Ina bukatar hutawa.
I need to sleep.,Ina bukatar yin barci.
I need fresh air.,Ina bukatar iska mai kyau.
Drink plenty of water.,Sha ruwa mai yawa.
Get some rest.,Ka huta.
Stay in bed.,Ka zauna a kan gado.
Do not go outside.,Kada ka fita waje.
Come back for a checkup.,Dawo don a duba lafiyarka.
The doctor examined me.,Likita ya duba ni.
The nurse checked my temperature.,Nas ta auna zafina.
My temperature is high.,Zafina ya yi yawa.
My temperature is normal.,Zafina yana daidai.
The doctor checked my blood pressure.,Likita ya auna hawan jinina.
My blood pressure is high.,Hawan jinina ya yi yawa.
My blood pressure is normal.,Hawan jinina yana daidai.
The doctor requested a test.,Likita ya bukaci a yi gwaji.
I need a blood test.,Ina bukatar gwajin jini.
I need an X-ray.,Ina bukatar hoton X-ray.
The test results are ready.,Sakamakon gwajin ya shirya.
The test results are not ready.,Sakamakon gwajin bai shirya ba.
The results are normal.,Sakamakon yana daidai.
The results are abnormal.,Sakamakon ba ya daidai.
The doctor explained the results.,Likita ya bayyana sakamakon.
I understand the doctor.,Na fahimci likitan.
I do not understand the doctor.,Ban fahimci likitan ba.
Please explain it again.,Don Allah sake bayyana shi.
Speak slowly please.,Don Allah yi magana a hankali.
I need an interpreter.,Ina bukatar mai fassara.
I have a medical record.,Ina da bayanan lafiyata.
Here is my medical record.,Ga bayanan lafiyata.
This is my identity card.,Wannan katin shaida na ne.
I have health insurance.,Ina da inshorar lafiya.
I do not have health insurance.,Ba ni da inshorar lafiya.
How much is the treatment?,Nawa ne kudin maganin?
How much does the medicine cost?,Nawa ne kudin maganin?
I cannot afford the treatment.,Ba zan iya biyan kudin maganin ba.
I need financial assistance.,Ina bukatar taimakon kudi.
Where can I pay?,Ina zan biya?
I have paid the hospital bill.,Na biya kudin asibiti.
The bill is too high.,Kudin ya yi yawa sosai.
Please give me the receipt.,Don Allah ba ni rasit.
Here is your receipt.,Ga rasitinka.
The pharmacy is closed.,An rufe kantin magani.
The pharmacy is open.,An bude kantin magani.
The doctor is not available.,Likita baya nan.
The doctor will return later.,Likita zai dawo daga baya.
The clinic opens in the morning.,Asibitin kananan hukumomi yana bude da safe.
The clinic closes in the evening.,Asibitin kananan hukumomi yana rufe da yamma.
I need a follow-up appointment.,Ina bukatar alƙawarin sake dubawa.
When is my next appointment?,Yaushe ne alƙawarina na gaba?
My appointment is tomorrow.,Alƙawarina gobe ne.
My appointment is next week.,Alƙawarina mako mai zuwa ne.
I need to cancel my appointment.,Ina bukatar soke alƙawarina.
I need to change my appointment.,Ina bukatar canja alƙawarina.
Please write it down.,Don Allah rubuta shi.
Please give me the instructions.,Don Allah ba ni umarnin.
I will follow the instructions.,Zan bi umarnin.
I feel much better now.,Yanzu ina jin sauki sosai.
I am completely recovered.,Na warke gaba daya.
Thank you for helping me.,Na gode da taimaka mini.
Thank you, doctor.,Na gode, likita.
Thank you, nurse.,Na gode, nas.
May God bless you.,Allah ya albarkace ka.
Help!,Taimako!
Help me!,Taimaka mini!
Please help me!,Don Allah taimaka mini!
Call the police!,Kira 'yan sanda!
Call for help!,Kira taimako!
There has been an accident.,An samu hatsari.
There was a car accident.,An yi hatsarin mota.
There was a road accident.,An yi hatsarin hanya.
Someone is injured.,Wani ya ji rauni.
Someone is badly injured.,Wani ya ji mummunan rauni.
He is injured.,Ya ji rauni.
She is injured.,Ta ji rauni.
I am injured.,Na ji rauni.
He is bleeding.,Yana zubar da jini.
She is bleeding.,Tana zubar da jini.
Stop the bleeding.,Dakatar da zubar jinin.
Call an ambulance immediately.,Kira motar asibiti nan take.
We need help immediately.,Muna bukatar taimako nan take.
There is a fire.,Akwai gobara.
The house is on fire.,Gidan yana konewa.
Call the fire service.,Kira hukumar kashe gobara.
Get out of the building.,Fita daga ginin.
Everyone should leave.,Kowa ya fita.
Stay calm.,Ka natsu.
Do not panic.,Kada ka firgita.
Move away from the fire.,Ka nisanci gobarar.
The road is blocked.,An toshe hanya.
The bridge is damaged.,Gadar ta lalace.
The building has collapsed.,Ginin ya rushe.
The wall has collapsed.,Bangon ya rushe.
Be careful!,Ka kula!
There is danger here.,Akwai haɗari a nan.
This place is dangerous.,Wannan wurin yana da haɗari.
Do not go there.,Kada ka je can.
Stay away from the area.,Ka nisanci wurin.
Keep children away.,Ka nisanta yara.
Where is the nearest police station?,Ina ofishin 'yan sanda mafi kusa?
Where is the police station?,Ina ofishin 'yan sanda yake?
I need the police.,Ina bukatar 'yan sanda.
The police are coming.,'Yan sanda suna zuwa.
The police have arrived.,'Yan sanda sun iso.
Call the police immediately.,Kira 'yan sanda nan take.
I want to report a crime.,Ina son kai rahoton laifi.
I want to report an accident.,Ina son kai rahoton hatsari.
I lost my phone.,Na rasa wayata.
My phone was stolen.,An sace wayata.
My bag was stolen.,An sace jakata.
My money was stolen.,An sace kudina.
Someone stole my property.,Wani ya sace kayana.
I lost my identity card.,Na rasa katin shaidata.
I lost my passport.,Na rasa fasfo dina.
I need to report a missing person.,Ina bukatar kai rahoton bacewar mutum.
My brother is missing.,Dan uwana ya bace.
My sister is missing.,Yar uwata ta bace.
My child is missing.,Yaro na ya bace.
Have you seen this person?,Ka taba ganin wannan mutumin?
When did you last see him?,Yaushe ka gan shi na karshe?
When did you last see her?,Yaushe ka gan ta na karshe?
Where did you see him?,Ina ka gan shi?
Where did you see her?,Ina ka gan ta?
What happened?,Me ya faru?
Tell me what happened.,Faɗa mini abin da ya faru.
Did you see the accident?,Ka ga hatsarin?
Did you see the thief?,Ka ga barawon?
Can you identify the person?,Za ka iya gane mutumin?
Write down the details.,Rubuta bayanan.
Give me your name.,Ba ni sunanka.
Give me your phone number.,Ba ni lambar wayarka.
Show me your identification.,Nuna mini katin shaidarka.
I am a witness.,Ni shaida ne.
He is a witness.,Shi shaida ne.
She is a witness.,Ita shaida ce.
I saw everything.,Na ga komai.
I did not see anything.,Ban ga komai ba.
I did not know what happened.,Ban san abin da ya faru ba.
I need protection.,Ina bukatar kariya.
Please protect me.,Don Allah kare ni.
The police officer is asking questions.,Jami'in dan sanda yana tambayoyi.
Answer the questions.,Amsa tambayoyin.
Tell the truth.,Faɗi gaskiya.
Do not lie.,Kada ka yi karya.
The investigation has started.,Bincike ya fara.
The investigation is ongoing.,Ana ci gaba da bincike.
The case is under investigation.,Ana binciken lamarin.
The police took a statement.,'Yan sanda sun dauki bayani.
I gave my statement.,Na ba da bayanina.
I signed the statement.,Na sanya hannu a bayanin.
I need a lawyer.,Ina bukatar lauya.
Where can I find a lawyer?,Ina zan sami lauya?
I need legal advice.,Ina bukatar shawarar shari'a.
The officer was helpful.,Jami'in ya taimaka.
The officer was polite.,Jami'in yana da ladabi.
Please wait here.,Don Allah jira a nan.
Do not leave the area.,Kada ka bar wurin.
You are safe now.,Yanzu kana cikin aminci.
The situation is under control.,An shawo kan lamarin.
The problem has been solved.,An warware matsalar.
The police have solved the case.,'Yan sanda sun warware shari'ar.
The suspect was arrested.,An kama wanda ake zargi.
The thief was arrested.,An kama barawon.
The stolen property was recovered.,An gano kayan da aka sace.
Return my property.,Mayar mini da kayana.
I want to go home.,Ina son komawa gida.
Take me home.,Kai ni gida.
I need a taxi.,Ina bukatar tasi.
Where can I find a taxi?,Ina zan sami tasi?
Call a taxi for me.,Kira mini tasi.
How much is the taxi fare?,Nawa ne kudin tasi?
The taxi is expensive.,Tasin yana da tsada.
The taxi is cheap.,Tasin yana da sauki.
I want to go to the bus station.,Ina son zuwa tashar mota.
Where is the bus station?,Ina tashar mota take?
Where is the railway station?,Ina tashar jirgin kasa take?
Where is the airport?,Ina filin jirgin sama yake?
I need a ticket.,Ina bukatar tikiti.
I want to buy a ticket.,Ina son sayen tikiti.
How much is the ticket?,Nawa ne kudin tikitin?
Where can I buy a ticket?,Ina zan sayi tikiti?
Is this the bus to Kano?,Wannan motar zuwa Kano ce?
Is this the bus to Abuja?,Wannan motar zuwa Abuja ce?
When does the bus leave?,Yaushe motar za ta tashi?
When will the bus arrive?,Yaushe motar za ta iso?
The bus is late.,Motar ta makara.
The bus has arrived.,Motar ta iso.
The bus is full.,Motar ta cika.
There is no space in the bus.,Babu wuri a cikin motar.
Please keep my seat.,Don Allah ajiye mini wurin zama.
Where is my seat?,Ina wurin zamana yake?
Is this seat free?,Wannan wurin zama babu kowa?
Can I sit here?,Zan iya zama a nan?
Please move over.,Don Allah matsa.
I am getting off here.,Zan sauka a nan.
Stop at the next station.,Tsaya a tasha ta gaba.
Tell me when we arrive.,Faɗa mini idan mun isa.
I have arrived.,Na isa.
I am on my way.,Ina kan hanya.
The road is busy.,Hanyar tana da cunkoso.
The road is empty.,Hanyar babu cunkoso.
The road is dangerous at night.,Hanyar tana da haɗari da dare.
Drive carefully.,Tuƙa a hankali.
Do not drive fast.,Kada ka yi tuƙi da sauri.
Slow down.,Rage gudu.
Stop the car.,Tsayar da motar.
Start the car.,Kunna motar.
The car is broken.,Motar ta lalace.
The car needs fuel.,Motar tana bukatar mai.
The car has no fuel.,Motar ba ta da mai.
The tire is flat.,Tayar motar ta yi fanko.
The engine is hot.,Injin motar ya yi zafi.
The engine has stopped.,Injin motar ya tsaya.
Call a mechanic.,Kira makaniki.
The mechanic is repairing the car.,Makaniki yana gyaran mota.
The car is ready.,Motar ta shirya.
The car is not ready.,Motar ba ta shirya ba.
Check the brakes.,Duba birkin motar.
The brakes are not working.,Birkin motar baya aiki.
The road is slippery.,Hanyar tana santsi.
It is raining heavily.,Ana ruwa sosai.
Be careful on the road.,Ka kula a hanya.
Wear your seat belt.,Daure bel din zama.
Do not use your phone while driving.,Kada ka yi amfani da wayarka yayin tuƙi.
Do not drink and drive.,Kada ka sha giya ka yi tuƙi.
Follow the traffic rules.,Bi dokokin hanya.
The traffic light is red.,Hasken zirga-zirga ja ne.
The traffic light is green.,Hasken zirga-zirga kore ne.
The traffic light is yellow.,Hasken zirga-zirga rawaya ne.
Stop at the red light.,Tsaya idan hasken ja ne.
Wait for the green light.,Jira hasken kore.
Cross the road carefully.,Ketare hanya a hankali.
Use the pedestrian crossing.,Yi amfani da mashigar masu tafiya.
Where is the nearest bus stop?,Ina tashar mota mafi kusa?
The bus stop is nearby.,Tashar motar tana kusa.
The station is far away.,Tashar tana da nisa.
I am waiting for the bus.,Ina jiran mota.
I missed the bus.,Na rasa motar.
I missed my flight.,Na rasa jirgina.
The flight is delayed.,An jinkirta tashin jirgin.
The flight has been cancelled.,An soke tashin jirgin.
The plane is arriving.,Jirgin sama yana isowa.
The plane has arrived.,Jirgin sama ya iso.
The plane is leaving.,Jirgin sama yana tashi.
Where is the departure gate?,Ina kofar tashin jirgin take?
Where is the arrival hall?,Ina dakin masu isowa yake?
Where is the baggage area?,Ina wurin daukar kaya yake?
My luggage is missing.,Kayana sun bace.
I found my luggage.,Na sami kayana.
This is my luggage.,Wannan kayana ne.
Please help me with my luggage.,Don Allah taimaka mini da kayana.
How long is the journey?,Yaya tsawon tafiyar?
The journey is long.,Tafiyar tana da tsawo.
The journey is short.,Tafiyar gajera ce.
The journey was comfortable.,Tafiyar ta kasance cikin dadi.
The journey was difficult.,Tafiyar ta kasance da wahala.
I am travelling tomorrow.,Zan yi tafiya gobe.
I travelled yesterday.,Na yi tafiya jiya.
I am travelling with my family.,Ina tafiya tare da iyalina.
I am travelling alone.,Ina tafiya ni kadai.
Where are you travelling to?,Ina kake tafiya?
I am travelling to Kano.,Ina tafiya Kano.
I am travelling to Abuja.,Ina tafiya Abuja.
I am travelling to Maiduguri.,Ina tafiya Maiduguri.
I am travelling to Damaturu.,Ina tafiya Damaturu.
I will stay for three days.,Zan zauna na tsawon kwana uku.
I will stay for one week.,Zan zauna na tsawon mako guda.
I will return next week.,Zan dawo mako mai zuwa.
Do you have this in another size?,Kuna da wannan a wani girman?
Do you have this in another colour?,Kuna da wannan a wani launi?
Do you have a larger size?,Kuna da girma mafi girma?
Do you have a smaller size?,Kuna da ƙarami?
Do you have a cheaper one?,Kuna da wanda ya fi arha?
Do you have a better one?,Kuna da wanda ya fi wannan kyau?
How much is this?,Nawa ne wannan?
How much does it cost?,Nawa ne kudinsa?
What is the price?,Menene farashin?
What is the final price?,Menene farashin ƙarshe?
Can you reduce the price?,Za ka iya rage farashin?
Can you give me a discount?,Za ka iya ba ni rangwame?
Is there a discount?,Akwai rangwame?
This is too expensive.,Wannan ya yi tsada sosai.
The price is too high.,Farashin ya yi yawa sosai.
The price is reasonable.,Farashin ya dace.
The price is cheap.,Farashin yana da sauƙi.
I cannot afford it.,Ba zan iya biya ba.
I can afford it.,Zan iya biya.
I want to buy this.,Ina son sayen wannan.
I want to buy two.,Ina son sayen guda biyu.
I want to buy three.,Ina son sayen guda uku.
I need one.,Ina bukatar guda ɗaya.
I need two.,Ina bukatar guda biyu.
I need more.,Ina bukatar ƙari.
I do not need it.,Ba na bukatarsa.
I am just looking.,Ina kallo ne kawai.
I will come back later.,Zan dawo daga baya.
I will buy it tomorrow.,Zan saya gobe.
I will take this one.,Zan ɗauki wannan.
I prefer this one.,Na fi son wannan.
I do not like this one.,Ba na son wannan.
Show me another one.,Nuna mini wani.
Show me something cheaper.,Nuna mini wani abu mafi arha.
Show me something better.,Nuna mini wani abu mafi kyau.
Where is the market?,Ina kasuwar take?
Where is the nearest market?,Ina kasuwar da ta fi kusa?
Is the market open?,An buɗe kasuwar?
What time does the market open?,Wane lokaci kasuwar take buɗewa?
What time does the market close?,Wane lokaci kasuwar take rufewa?
The market is open.,An buɗe kasuwar.
The market is closed.,An rufe kasuwar.
The market is crowded.,Kasuwar tana da cunkoso.
The market is busy today.,Kasuwar tana da aiki sosai yau.
The market is far away.,Kasuwar tana da nisa.
The market is nearby.,Kasuwar tana kusa.
I am going to the market.,Ina zuwa kasuwa.
I went to the market yesterday.,Na je kasuwa jiya.
I bought it at the market.,Na saya a kasuwa.
The seller is here.,Mai sayarwar yana nan.
The customer is waiting.,Abokin ciniki yana jira.
I want to speak to the seller.,Ina son magana da mai sayarwa.
Call the seller.,Kira mai sayarwa.
Ask the seller.,Tambayi mai sayarwa.
The seller gave me a discount.,Mai sayarwar ya ba ni rangwame.
The seller refused to reduce the price.,Mai sayarwar ya ƙi rage farashin.
This shop is clean.,Wannan shagon yana da tsabta.
This shop is crowded.,Wannan shagon yana da cunkoso.
The shop is closed.,An rufe shagon.
The shop is open.,An buɗe shagon.
Where is the shop?,Ina shagon yake?
Is there a shop nearby?,Akwai shago a kusa?
I want to enter the shop.,Ina son shiga shagon.
I want to leave the shop.,Ina son fita daga shagon.
I am looking for a shop.,Ina neman shago.
I cannot find the shop.,Ba zan iya samun shagon ba.
The shop has everything.,Shagon yana da komai.
The shop does not have it.,Shagon ba shi da shi.
It is out of stock.,Ya ƙare a ajiya.
We have it in stock.,Muna da shi a ajiya.
When will it be available?,Yaushe zai kasance?
When will you have it again?,Yaushe za ku sake samunsa?
I will wait for it.,Zan jira shi.
Please reserve it for me.,Don Allah ajiye mini shi.
Can I see it?,Zan iya ganinsa?
Can I touch it?,Zan iya taɓansa?
Can I try it?,Zan iya gwada shi?
Can I try this dress?,Zan iya gwada wannan rigar?
Does this fit me?,Wannan ya yi mini?
This is too big for me.,Wannan ya yi mini girma.
This is too small for me.,Wannan ya yi mini ƙanƙanta.
This fits me well.,Wannan ya yi mini daidai.
I like the colour.,Ina son launin.
I do not like the colour.,Ba na son launin.
What colour is this?,Wane launi ne wannan?
Do you have black?,Kuna da baƙi?
Do you have white?,Kuna da fari?
Do you have blue?,Kuna da shuɗi?
Do you have green?,Kuna da kore?
Do you have red?,Kuna da ja?
I want a black one.,Ina son baƙi.
I want a white one.,Ina son fari.
I want a blue one.,Ina son shuɗi.
I want a green one.,Ina son kore.
I want a red one.,Ina son ja.
I need a new shirt.,Ina bukatar sabuwar riga.
I need new trousers.,Ina bukatar sabon wando.
I need new shoes.,Ina bukatar sababbin takalma.
I need a new bag.,Ina bukatar sabuwar jaka.
I need a new phone.,Ina bukatar sabuwar waya.
I need a computer.,Ina bukatar kwamfuta.
I want to buy a laptop.,Ina son sayen kwamfutar tafi-da-gidanka.
I want to buy a phone.,Ina son sayen waya.
I want to buy a charger.,Ina son sayen caja.
I want to buy a battery.,Ina son sayen batir.
I want to buy a memory card.,Ina son sayen katin ajiya.
I want to buy a flash drive.,Ina son sayen flash.
How much is the phone?,Nawa ne kudin wayar?
How much is the computer?,Nawa ne kudin kwamfutar?
How much is the charger?,Nawa ne kudin cajar?
Is the phone new?,Wayar sabuwa ce?
Is the phone used?,An taɓa amfani da wayar?
Does it have a warranty?,Yana da garanti?
How long is the warranty?,Har tsawon wane lokaci ne garantin?
Can I return it?,Zan iya mayar da shi?
Can I exchange it?,Zan iya musanya shi?
I want to return this item.,Ina son mayar da wannan kayan.
The item is damaged.,Kayan ya lalace.
The item is broken.,Kayan ya karye.
This item does not work.,Wannan kayan baya aiki.
The product is good.,Kayan yana da kyau.
The product is of good quality.,Kayan yana da inganci.
The quality is poor.,Ingancin ba shi da kyau.
The quality is excellent.,Ingancin yana da kyau sosai.
This is original.,Wannan na asali ne.
Is this original?,Wannan na asali ne?
Is this a new product?,Wannan sabon kaya ne?
Is this second-hand?,Wannan tsohon kaya ne?
I want a receipt.,Ina son rasit.
Please give me a receipt.,Don Allah ba ni rasit.
I have paid.,Na biya.
I have not paid yet.,Ban biya ba tukuna.
Where can I pay?,Ina zan biya?
Can I pay by cash?,Zan iya biya da kuɗi?
Can I pay by card?,Zan iya biya da kati?
Can I pay by transfer?,Zan iya biya ta hanyar tura kuɗi?
Do you accept bank transfers?,Kuna karɓar kuɗin da aka tura ta banki?
Do you accept cards?,Kuna karɓar kati?
I will pay in cash.,Zan biya da kuɗi.
I will pay by transfer.,Zan biya ta hanyar tura kuɗi.
I do not have cash.,Ba ni da kuɗi a hannu.
I need an ATM.,Ina bukatar ATM.
Where is the nearest ATM?,Ina ATM mafi kusa?
The ATM is not working.,ATM ɗin baya aiki.
The machine is not working.,Na'urar ba ta aiki.
My card was declined.,An ƙi karɓar katina.
My card is blocked.,An toshe katina.
I forgot my PIN.,Na manta da lambar sirri ta.
I need to withdraw money.,Ina bukatar cire kuɗi.
I need to deposit money.,Ina bukatar saka kuɗi.
I want to check my balance.,Ina son duba adadin kuɗin da ke asusuna.
I need a bank account.,Ina bukatar asusun banki.
I want to open a bank account.,Ina son buɗe asusun banki.
I want to close my account.,Ina son rufe asusuna.
I want to transfer money.,Ina son tura kuɗi.
I received the money.,Na karɓi kuɗin.
I have not received the money.,Ban karɓi kuɗin ba.
The money has arrived.,Kuɗin ya iso.
The money has not arrived.,Kuɗin bai iso ba.
I sent the money yesterday.,Na tura kuɗin jiya.
I sent the money this morning.,Na tura kuɗin yau da safe.
Please check your account.,Don Allah duba asusunka.
Please check the payment.,Don Allah duba biyan kuɗin.
The payment was successful.,Biyan kuɗin ya yi nasara.
The payment failed.,Biyan kuɗin bai yi nasara ba.
The transaction is pending.,Ana jiran kammala mu'amalar.
The transaction was cancelled.,An soke mu'amalar.
I need help with this transaction.,Ina bukatar taimako game da wannan mu'amala.
The bank is closed.,An rufe bankin.
The bank is open.,An buɗe bankin.
Where is the bank?,Ina bankin yake?
Where is the nearest bank?,Ina bankin da ya fi kusa?
What time does the bank open?,Wane lokaci bankin yake buɗewa?
What time does the bank close?,Wane lokaci bankin yake rufewa?
I have a business.,Ina da kasuwanci.
I run a small business.,Ina gudanar da ƙaramin kasuwanci.
My business is growing.,Kasuwancina yana bunƙasa.
My business is doing well.,Kasuwancina yana tafiya da kyau.
My business is not doing well.,Kasuwancina baya tafiya da kyau.
I want to start a business.,Ina son fara kasuwanci.
I want to expand my business.,Ina son faɗaɗa kasuwancina.
I need capital for my business.,Ina bukatar jari don kasuwancina.
I need a business partner.,Ina bukatar abokin hulɗar kasuwanci.
I have a business partner.,Ina da abokin hulɗar kasuwanci.
We work together.,Muna aiki tare.
We are business partners.,Mu abokan hulɗar kasuwanci ne.
The company is growing.,Kamfanin yana bunƙasa.
The company is successful.,Kamfanin yana samun nasara.
The company has many customers.,Kamfanin yana da abokan ciniki da yawa.
We need more customers.,Muna bukatar ƙarin abokan ciniki.
Our customers are happy.,Abokan cinikinmu suna farin ciki.
Customer service is important.,Hidimar abokin ciniki tana da muhimmanci.
We provide good service.,Muna ba da kyakkyawar hidima.
We provide quality products.,Muna samar da kayayyaki masu inganci.
Our prices are affordable.,Farashinmu yana da sauƙin biya.
Our prices are competitive.,Farashinmu yana da gasa.
We sell computers.,Muna sayar da kwamfutoci.
We sell computer accessories.,Muna sayar da kayan haɗin kwamfuta.
We repair computers.,Muna gyaran kwamfutoci.
We install software.,Muna saka manhaja.
We install Windows.,Muna saka Windows.
We repair laptops.,Muna gyaran kwamfutocin tafi-da-gidanka.
We upgrade computers.,Muna inganta kwamfutoci.
The computer needs repair.,Kwamfutar tana bukatar gyara.
The laptop is not working.,Kwamfutar tafi-da-gidanka ba ta aiki.
The computer is slow.,Kwamfutar tana tafiya a hankali.
The computer is fast.,Kwamfutar tana tafiya da sauri.
The computer has a problem.,Kwamfutar tana da matsala.
The battery is weak.,Batirin yana da rauni.
The charger is damaged.,Cajar ta lalace.
The screen is broken.,Allon ya karye.
The keyboard is not working.,Allon rubutu baya aiki.
The mouse is not working.,Mouse ɗin baya aiki.
The internet is slow.,Intanet ɗin yana tafiya a hankali.
The internet is fast.,Intanet ɗin yana tafiya da sauri.
The network is down.,Network ɗin ya yanke.
The network is back.,Network ɗin ya dawo.
The internet is not working.,Intanet ɗin baya aiki.
Please restart the computer.,Don Allah sake kunna kwamfutar.
Turn on the computer.,Kunna kwamfutar.
Turn off the computer.,Kashe kwamfutar.
Connect the charger.,Haɗa cajar.
Disconnect the charger.,Cire cajar.
Open the application.,Buɗe manhajar.
Close the application.,Rufe manhajar.
Save the file.,Ajiye fayil ɗin.
Open the file.,Buɗe fayil ɗin.
Delete the file.,Goge fayil ɗin.
Copy the file.,Kwafi fayil ɗin.
Move the file.,Matsa fayil ɗin.
Send the file.,Aika fayil ɗin.
Download the file.,Sauke fayil ɗin.
Upload the file.,Loda fayil ɗin.
Check your email.,Duba imel ɗinka.
Send me an email.,Aika mini da imel.
I received your email.,Na karɓi imel ɗinka.
I did not receive your email.,Ban karɓi imel ɗinka ba.
Please send it again.,Don Allah sake aikawa.
I will send it later.,Zan aika daga baya.
I am working now.,Ina aiki yanzu.
I am busy now.,Ina cikin aiki yanzu.
I am free now.,Ina da lokaci yanzu.
I will call you later.,Zan kira ka daga baya.
Call me later.,Kira ni daga baya.
Send me a message.,Aika mini da saƙo.
I sent you a message.,Na aika maka da saƙo.
Did you receive my message?,Ka karɓi saƙona?
I did not receive your message.,Ban karɓi saƙonka ba.
Please reply to my message.,Don Allah amsa saƙona.
I am waiting for your reply.,Ina jiran amsarka.
I will reply soon.,Zan amsa nan ba da jimawa ba.
Let's meet tomorrow.,Mu haɗu gobe.
Let's meet today.,Mu haɗu yau.
Where should we meet?,Ina za mu haɗu?
What time should we meet?,Wane lokaci za mu haɗu?
I will be there on time.,Zan kasance a can akan lokaci.
I am on my way.,Ina kan hanya.
I will arrive soon.,Zan iso nan ba da jimawa ba.
I am running late.,Ina jinkiri.
Please wait for me.,Don Allah jira ni.
I am waiting for you.,Ina jiran ka.
Thank you for your help.,Na gode da taimakonka.
Thank you for your business.,Na gode da kasuwancinka.
We appreciate your business.,Muna godiya da kasuwancinka.
Please come again.,Don Allah sake zuwa.
Have a nice day.,Ka yi yini lafiya.
Have a safe journey.,Allah ya kiyaye hanya.
See you tomorrow.,Sai gobe.
See you later.,Sai daga baya.
Good luck.,Sa'a mai kyau.
I wish you success.,Ina yi maka fatan nasara.
I hope everything goes well.,Ina fatan komai zai tafi da kyau.
Everything is fine.,Komai yana lafiya.
Everything is ready.,Komai ya shirya.
Everything is okay.,Komai yana lafiya.
There is a problem.,Akwai matsala.
There is no problem.,Babu matsala.
We have a problem.,Muna da matsala.
We need a solution.,Muna bukatar mafita.
We need to solve this problem.,Muna bukatar magance wannan matsalar.
The problem has been solved.,An warware matsalar.
I understand the problem.,Na fahimci matsalar.
I do not understand the problem.,Ban fahimci matsalar ba.
Can you help me?,Za ka iya taimaka mini?
Can you help us?,Za ka iya taimaka mana?
I need your help.,Ina bukatar taimakonka.
We need your help.,Muna bukatar taimakonka.
Please help us.,Don Allah taimaka mana.
What can I do for you?,Me zan iya yi maka?
How can I help you?,Ta yaya zan iya taimaka maka?
What do you need?,Me kake bukata?
What are you looking for?,Me kake nema?
I am looking for this.,Ina neman wannan.
I am looking for a job.,Ina neman aiki.
I found a job.,Na sami aiki.
I lost my job.,Na rasa aikina.
I am looking for a business opportunity.,Ina neman damar kasuwanci.
I have an idea.,Ina da ra'ayi.
I have a good idea.,Ina da kyakkyawan ra'ayi.
That is a good idea.,Wannan kyakkyawan ra'ayi ne.
That is not a good idea.,Wannan ba kyakkyawan ra'ayi ba ne.
Let's discuss it.,Mu tattauna shi.
Let's talk about it.,Mu yi magana game da shi.
I agree with you.,Na yarda da kai.
I do not agree with you.,Ban yarda da kai ba.
You are right.,Kana da gaskiya.
You are wrong.,Ba ka da gaskiya.
I think so.,Ina ganin haka.
I don't think so.,Ba na ganin haka.
Maybe.,Wataƙila.
Of course.,Tabbas.
Certainly.,Tabbas.
I am sure.,Na tabbata.
I am not sure.,Ban tabbata ba.
I don't know.,Ban sani ba.
I know.,Na sani.
I understand.,Na fahimta.
I don't understand.,Ban fahimta ba.
Please explain.,Don Allah bayyana.
Explain it to me.,Bayyana mini shi.
Say it again.,Sake faɗa.
Please repeat that.,Don Allah sake faɗar hakan.
Speak slowly.,Yi magana a hankali.
Speak clearly.,Yi magana a sarari.
Listen carefully.,Saurara da kyau.
Look carefully.,Duba da kyau.
Wait a moment.,Jira na ɗan lokaci.
Wait here.,Jira a nan.
Come here.,Zo nan.
Go there.,Je can.
Come with me.,Zo tare da ni.
Follow me.,Bi ni.
Wait for me.,Jira ni.
Give me a moment.,Ba ni ɗan lokaci.
I will be back soon.,Zan dawo nan ba da jimawa ba.
I am coming.,Ina zuwa.
I am leaving.,Ina tafiya.
I have to go.,Dole in tafi.
I will stay here.,Zan zauna a nan.
I will stay at home.,Zan zauna a gida.
I am at home.,Ina gida.
I am at work.,Ina wurin aiki.
I am at school.,Ina makaranta.
I am at the market.,Ina kasuwa.
I am at the hospital.,Ina asibiti.
I am at the bank.,Ina banki.
I am at the hotel.,Ina otal.
Where are you?,Ina kake?
Where is he?,Ina yake?
Where is she?,Ina take?
Where are they?,Ina suke?
What are you doing?,Me kake yi?
What is he doing?,Me yake yi?
What is she doing?,Me take yi?
What are they doing?,Me suke yi?
What happened yesterday?,Me ya faru jiya?
What happened today?,Me ya faru yau?
What will happen tomorrow?,Me zai faru gobe?
Why are you late?,Me ya sa ka makara?
Why are you angry?,Me ya sa kake fushi?
Why are you worried?,Me ya sa kake damuwa?
Why are you tired?,Me ya sa kake gajiya?
What do you want?,Me kake so?
What do you need?,Me kake bukata?
Where do you live?,Ina kake zama?
Where do you work?,Ina kake aiki?
Where do you study?,Ina kake karatu?
What is your job?,Menene aikinka?
What is your name?,Menene sunanka?
How old are you?,Shekarunka nawa?
What time is it?,Wane lokaci ne?
What day is today?,Wace rana ce yau?
What is today's date?,Menene kwanan watan yau?
Where are we going?,Ina za mu je?
When are you coming?,Yaushe za ka zo?
When will you leave?,Yaushe za ka tafi?
When will you return?,Yaushe za ka dawo?
Can you come tomorrow?,Za ka iya zuwa gobe?
Can you come today?,Za ka iya zuwa yau?
Can you come now?,Za ka iya zuwa yanzu?
Can you wait for me?,Za ka iya jira ni?
Can you hear me?,Kana iya jin ni?
Can you see me?,Kana iya ganina?
Can you understand me?,Kana iya fahimtata?
Can you speak Hausa?,Kana iya magana da Hausa?
Can you speak English?,Kana iya magana da Turanci?
I can speak Hausa.,Ina iya magana da Hausa.
I can speak English.,Ina iya magana da Turanci.
I am learning Hausa.,Ina koyon Hausa.
I am learning English.,Ina koyon Turanci.
I want to learn Hausa.,Ina son koyon Hausa.
I want to learn English.,Ina son koyon Turanci.
Hausa is an important language.,Hausa harshe ne mai muhimmanci.
English is an international language.,Turanci harshe ne na duniya.
I like Hausa.,Ina son Hausa.
I like English.,Ina son Turanci.
I want to improve my English.,Ina son inganta Turancina.
I want to improve my Hausa.,Ina son inganta Hausata.
Please correct my sentence.,Don Allah gyara jimlata.
Is this sentence correct?,Wannan jimlar daidai ce?
What does this word mean?,Menene ma'anar wannan kalmar?
How do you say this in Hausa?,Yaya ake faɗin wannan da Hausa?
How do you say this in English?,Yaya ake faɗin wannan da Turanci?
Translate this sentence.,Fassara wannan jimlar.
Translate this paragraph.,Fassara wannan sakin layin.
I need a translation.,Ina bukatar fassara.
The translation is correct.,Fassarar daidai ce.
The translation is not correct.,Fassarar ba daidai ba ce.
Please translate it again.,Don Allah sake fassara shi.
I have a headache.,Ina ciwon kai.
My head hurts.,Kaina yana ciwo.
I have a fever.,Ina da zazzabi.
I am feeling sick.,Ina jin rashin lafiya.
I feel weak.,Ina jin rauni.
I feel tired.,Ina jin gajiya.
I feel dizzy.,Ina jin jiri.
I have a cough.,Ina tari.
I have a cold.,Ina mura.
I have a sore throat.,Makogwarona yana ciwo.
I have stomach pain.,Cikina yana ciwo.
I have chest pain.,Kirjina yana ciwo.
I have back pain.,Bayana yana ciwo.
My leg hurts.,Ƙafata tana ciwo.
My arm hurts.,Hannuna yana ciwo.
My tooth hurts.,Haƙorina yana ciwo.
My ear hurts.,Kunnena yana ciwo.
My eye hurts.,Idona yana ciwo.
I cannot sleep.,Ba zan iya barci ba.
I am having trouble sleeping.,Ina samun matsalar barci.
I need to see a doctor.,Ina bukatar ganin likita.
I need to see a nurse.,Ina bukatar ganin nas.
Please call a doctor.,Don Allah kira likita.
Please call a nurse.,Don Allah kira nas.
Where is the doctor?,Ina likitan yake?
Where is the nurse?,Ina nas ɗin take?
Where is the hospital?,Ina asibitin yake?
Where is the nearest hospital?,Ina asibitin da ya fi kusa?
Is there a hospital nearby?,Akwai asibiti a kusa?
Is the doctor available?,Likitan yana nan?
Is the nurse available?,Nas ɗin tana nan?
I have an appointment.,Ina da alƙawari.
I need an appointment.,Ina bukatar alƙawari.
I want to see the doctor.,Ina son ganin likita.
I have been waiting for the doctor.,Na dade ina jiran likita.
The doctor is coming.,Likita yana zuwa.
The nurse is coming.,Nas ɗin tana zuwa.
Please sit down.,Don Allah zauna.
Please lie down.,Don Allah kwanta.
Open your mouth.,Buɗe bakinka.
Close your mouth.,Rufe bakinka.
Take a deep breath.,Shaƙi iska sosai.
Breathe slowly.,Yi numfashi a hankali.
Do not move.,Kada ka motsa.
Stay here.,Zauna a nan.
Please wait here.,Don Allah jira a nan.
Take this medicine.,Sha wannan maganin.
Take the medicine twice a day.,Sha maganin sau biyu a rana.
Take the medicine after eating.,Sha maganin bayan cin abinci.
Take the medicine before eating.,Sha maganin kafin cin abinci.
Do not take too much medicine.,Kada ka sha magani da yawa.
I need medicine.,Ina bukatar magani.
Where can I buy medicine?,Ina zan sayi magani?
Where is the pharmacy?,Ina kantin magani yake?
The pharmacy is nearby.,Kantin maganin yana kusa.
The pharmacy is closed.,An rufe kantin maganin.
The pharmacy is open.,An buɗe kantin maganin.
I need painkillers.,Ina bukatar maganin rage ciwo.
I need cough medicine.,Ina bukatar maganin tari.
I need medicine for fever.,Ina bukatar maganin zazzabi.
I have an allergy.,Ina da rashin lafiyar wani abu.
I am allergic to this medicine.,Ina da rashin lafiyar wannan maganin.
I am not allergic to any medicine.,Ba ni da rashin lafiyar wani magani.
I am pregnant.,Ina da ciki.
I need medical attention.,Ina bukatar kulawar likita.
I need urgent medical attention.,Ina bukatar kulawar likita cikin gaggawa.
It hurts here.,Yana ciwo a nan.
It hurts a lot.,Yana ciwo sosai.
The pain is getting worse.,Ciwon yana ƙara tsananta.
The pain is getting better.,Ciwon yana raguwa.
The pain started yesterday.,Ciwon ya fara jiya.
The pain started this morning.,Ciwon ya fara yau da safe.
I have had this pain for two days.,Na yi kwana biyu ina jin wannan ciwon.
I feel better now.,Yanzu ina jin sauƙi.
I feel worse now.,Yanzu ina jin rashin lafiya sosai.
I am getting better.,Ina samun sauƙi.
I am not getting better.,Ba na samun sauƙi.
I need to rest.,Ina bukatar hutawa.
I need to drink water.,Ina bukatar shan ruwa.
I need some food.,Ina bukatar abinci.
I cannot eat.,Ba zan iya cin abinci ba.
I cannot drink.,Ba zan iya shan ruwa ba.
I cannot walk.,Ba zan iya tafiya ba.
I cannot stand.,Ba zan iya tsayawa ba.
I cannot breathe well.,Ba zan iya numfashi da kyau ba.
Help me please.,Taimaka mini don Allah.
Please help this person.,Don Allah taimaka wa wannan mutumin.
Someone is injured.,Wani ya ji rauni.
Someone is sick.,Wani ba shi da lafiya.
There has been an accident.,An yi hatsari.
There was a car accident.,An yi hatsarin mota.
Call an ambulance.,Kira motar asibiti.
Call the emergency service.,Kira ma'aikatan gaggawa.
We need an ambulance.,Muna bukatar motar asibiti.
The ambulance is coming.,Motar asibiti tana zuwa.
The patient needs help.,Marar lafiyar yana bukatar taimako.
The patient is unconscious.,Marar lafiyar ba ya cikin hayyacinsa.
The patient is awake.,Marar lafiyar yana farke.
The patient is breathing.,Marar lafiyar yana numfashi.
The patient is not breathing.,Marar lafiyar baya numfashi.
The patient is bleeding.,Marar lafiyar yana zubar da jini.
Stop the bleeding.,Dakatar da zubar jinin.
He is injured.,Ya ji rauni.
She is injured.,Ta ji rauni.
He is unconscious.,Ba ya cikin hayyacinsa.
She is unconscious.,Ba ta cikin hayyacinta.
He needs help.,Yana bukatar taimako.
She needs help.,Tana bukatar taimako.
Take him to the hospital.,Kai shi asibiti.
Take her to the hospital.,Kai ta asibiti.
The hospital is far away.,Asibitin yana da nisa.
The hospital is nearby.,Asibitin yana kusa.
The emergency room is over there.,Ɗakin gaggawa yana can.
Where is the emergency room?,Ina ɗakin gaggawa yake?
I need emergency treatment.,Ina bukatar maganin gaggawa.
This is an emergency.,Wannan lamari ne na gaggawa.
Stay calm.,Ka kwantar da hankalinka.
Do not panic.,Kada ka firgita.
Everything will be fine.,Komai zai yi kyau.
The police are here.,'Yan sanda suna nan.
Call the police.,Kira 'yan sanda.
I need the police.,Ina bukatar 'yan sanda.
Where is the police station?,Ina ofishin 'yan sanda yake?
Where is the nearest police station?,Ina ofishin 'yan sanda mafi kusa?
Is there a police station nearby?,Akwai ofishin 'yan sanda a kusa?
I want to report a crime.,Ina son kai rahoton laifi.
I want to report a theft.,Ina son kai rahoton sata.
My phone was stolen.,An sace wayata.
My money was stolen.,An sace kuɗina.
My bag was stolen.,An sace jakata.
Someone stole my phone.,Wani ya sace wayata.
Someone stole my money.,Wani ya sace kuɗina.
Someone stole my bag.,Wani ya sace jakata.
I lost my phone.,Na rasa wayata.
I lost my wallet.,Na rasa jakar kuɗina.
I lost my passport.,Na rasa fasfo dina.
I lost my identification card.,Na rasa katin shaidata.
I need help finding my passport.,Ina bukatar taimako wajen neman fasfo dina.
I need help finding my phone.,Ina bukatar taimako wajen neman wayata.
I saw the person.,Na ga mutumin.
I did not see the person.,Ban ga mutumin ba.
I know the person.,Na san mutumin.
I do not know the person.,Ban san mutumin ba.
I saw what happened.,Na ga abin da ya faru.
I heard a loud noise.,Na ji wata babbar kara.
There was a fight.,An yi faɗa.
There was an argument.,An yi gardama.
Please stay here.,Don Allah zauna a nan.
Please do not leave.,Don Allah kada ka tafi.
Wait for the police.,Jira 'yan sanda.
The police officer is asking questions.,Jami'in dan sanda yana yin tambayoyi.
I will answer your questions.,Zan amsa tambayoyinku.
I need a lawyer.,Ina bukatar lauya.
I need legal help.,Ina bukatar taimakon doka.
I want to make a complaint.,Ina son yin ƙorafi.
Where is the government office?,Ina ofishin gwamnati yake?
Where is the immigration office?,Ina ofishin shige da fice yake?
Where is the passport office?,Ina ofishin fasfo yake?
Where is the registration office?,Ina ofishin rajista yake?
I need to register.,Ina bukatar yin rajista.
I need to renew my passport.,Ina bukatar sabunta fasfo dina.
I need to renew my identification card.,Ina bukatar sabunta katin shaidata.
I need an identification card.,Ina bukatar katin shaida.
I need a passport.,Ina bukatar fasfo.
I need a visa.,Ina bukatar biza.
Where can I get a visa?,Ina zan samu biza?
How can I apply for a visa?,Ta yaya zan nemi biza?
What documents do I need?,Waɗanne takardu nake bukata?
I have all the documents.,Ina da duk takardun.
I am missing one document.,Takarda ɗaya ta ɓace mini.
Please fill out this form.,Don Allah cika wannan fom.
Where should I sign?,Ina zan sa hannu?
Sign here.,Sa hannu a nan.
Write your name here.,Rubuta sunanka a nan.
Bring your identification card.,Kawo katin shaidarka.
Bring your passport.,Kawo fasfo dinka.
Bring the original document.,Kawo takardar asali.
Bring a copy of the document.,Kawo kwafin takardar.
I need a photocopy.,Ina bukatar kwafi.
Where can I make a photocopy?,Ina zan yi kwafi?
The office is closed.,An rufe ofishin.
The office is open.,An buɗe ofishin.
What time does the office open?,Wane lokaci ofishin yake buɗewa?
What time does the office close?,Wane lokaci ofishin yake rufewa?
I will come back tomorrow.,Zan dawo gobe.
I will come back next week.,Zan dawo mako mai zuwa.
I have been waiting for two hours.,Na yi awa biyu ina jira.
Please give me a number.,Don Allah ba ni lamba.
What is my number?,Menene lambata?
When is my appointment?,Yaushe ne alƙawarina?
My appointment is today.,Alƙawarina yau ne.
My appointment is tomorrow.,Alƙawarina gobe ne.
I missed my appointment.,Na rasa zuwa alƙawarina.
Can I change my appointment?,Zan iya canza alƙawarina?
I need to cancel my appointment.,Ina bukatar soke alƙawarina.
I need a new appointment.,Ina bukatar sabon alƙawari.
Where can I get this document?,Ina zan samu wannan takardar?
How much is the fee?,Nawa ne kuɗin aikin?
How much is the registration fee?,Nawa ne kuɗin rajista?
I have paid the fee.,Na biya kuɗin aikin.
I have not paid the fee.,Ban biya kuɗin aikin ba.
I need a receipt for the payment.,Ina bukatar rasit na biyan kuɗin.
Please give me the receipt.,Don Allah ba ni rasit ɗin.
Where is the bus station?,Ina tashar mota take?
Where is the taxi station?,Ina tashar tasi take?
Where can I get a taxi?,Ina zan samu tasi?
I need a taxi.,Ina bukatar tasi.
Call a taxi for me.,Kira mini tasi.
How much is the taxi fare?,Nawa ne kuɗin tasi?
How much is the bus fare?,Nawa ne kuɗin mota?
Where is the bus going?,Ina motar take zuwa?
Where is this bus going?,Ina wannan motar take zuwa?
Does this bus go to Kano?,Wannan motar tana zuwa Kano?
Does this bus go to Abuja?,Wannan motar tana zuwa Abuja?
Does this bus go to Damaturu?,Wannan motar tana zuwa Damaturu?
I want to go to Kano.,Ina son zuwa Kano.
I want to go to Abuja.,Ina son zuwa Abuja.
I want to go to Damaturu.,Ina son zuwa Damaturu.
I am travelling tomorrow.,Zan yi tafiya gobe.
I am travelling today.,Zan yi tafiya yau.
I travelled yesterday.,Na yi tafiya jiya.
When does the bus leave?,Yaushe motar take tashi?
When does the bus arrive?,Yaushe motar take isowa?
The bus is late.,Motar ta makara.
The bus has arrived.,Motar ta iso.
The bus has left.,Motar ta tafi.
I missed the bus.,Na rasa motar.
I need a ticket.,Ina bukatar tikiti.
Where can I buy a ticket?,Ina zan sayi tikiti?
How much is the ticket?,Nawa ne kuɗin tikitin?
I bought my ticket.,Na sayi tikitina.
I lost my ticket.,Na rasa tikitina.
Show me your ticket.,Nuna mini tikitinka.
Where is my seat?,Ina kujerata take?
Is this seat free?,Wannan kujerar babu kowa a kanta?
Someone is sitting here.,Wani yana zaune a nan.
This is my seat.,Wannan kujerata ce.
Please move your bag.,Don Allah matsar da jakarka.
Put the bag here.,Ajiye jakar a nan.
Where is the airport?,Ina filin jirgin sama yake?
Where is the nearest airport?,Ina filin jirgin sama mafi kusa?
I am going to the airport.,Ina zuwa filin jirgin sama.
I need to catch a flight.,Ina bukatar hawa jirgi.
What time is the flight?,Wane lokaci jirgin zai tashi?
When does the flight leave?,Yaushe jirgin yake tashi?
When does the flight arrive?,Yaushe jirgin yake zuwa?
The flight is delayed.,An jinkirta jirgin.
The flight has been cancelled.,An soke jirgin.
My flight is tomorrow.,Jirgina gobe ne.
My flight is today.,Jirgina yau ne.
I have a flight ticket.,Ina da tikitin jirgi.
I lost my flight ticket.,Na rasa tikitin jirgina.
Where is the departure gate?,Ina ƙofar tashi take?
Where is the arrival area?,Ina wurin isowa yake?
Where can I collect my luggage?,Ina zan karɓi kayana?
My luggage is missing.,Kayana sun ɓace.
My luggage is damaged.,Kayana sun lalace.
I have one bag.,Ina da jaka ɗaya.
I have two bags.,Ina da jaka biyu.
Where is the hotel?,Ina otal ɗin yake?
Where is the nearest hotel?,Ina otal mafi kusa?
I need a hotel.,Ina bukatar otal.
I want to book a room.,Ina son yin ajiyar ɗaki.
I have a reservation.,Ina da ajiyar ɗaki.
I want to make a reservation.,Ina son yin ajiyar ɗaki.
Do you have a room available?,Kuna da ɗaki?
How much is one night?,Nawa ne na dare ɗaya?
How much is the room?,Nawa ne kuɗin ɗakin?
Is breakfast included?,An haɗa karin kumallo?
Is Wi-Fi available?,Akwai Wi-Fi?
Is there a bathroom in the room?,Akwai bandaki a cikin ɗakin?
Is there air conditioning?,Akwai na'urar sanyaya iska?
I need a clean room.,Ina bukatar ɗaki mai tsabta.
I need a large room.,Ina bukatar babban ɗaki.
I need a small room.,Ina bukatar ƙaramin ɗaki.
I need a single room.,Ina bukatar ɗaki na mutum ɗaya.
I need a double room.,Ina bukatar ɗaki na mutane biyu.
Can I see the room?,Zan iya ganin ɗakin?
The room is clean.,Ɗakin yana da tsabta.
The room is dirty.,Ɗakin yana da datti.
The room is too small.,Ɗakin ya yi ƙanƙanta sosai.
The room is comfortable.,Ɗakin yana da daɗi.
The room is not comfortable.,Ɗakin ba shi da daɗi.
The air conditioner is not working.,Na'urar sanyaya iska ba ta aiki.
The light is not working.,Fitilar ba ta aiki.
The television is not working.,Talabijin ɗin baya aiki.
The water is not running.,Ruwan baya gudana.
There is no hot water.,Babu ruwan zafi.
I need a towel.,Ina bukatar tawul.
I need another towel.,Ina bukatar wani tawul.
I need clean water.,Ina bukatar ruwa mai tsabta.
I need a key.,Ina bukatar maɓalli.
I lost my room key.,Na rasa maɓallin ɗakina.
Please clean my room.,Don Allah tsaftace ɗakina.
Please bring me water.,Don Allah kawo mini ruwa.
Please bring me food.,Don Allah kawo mini abinci.
What time is check-out?,Wane lokaci ake barin ɗaki?
What time is check-in?,Wane lokaci ake shiga ɗaki?
I want to check out.,Ina son barin ɗaki.
I want to stay another night.,Ina son ƙara zama dare ɗaya.
I will leave tomorrow.,Zan tafi gobe.
I enjoyed my stay.,Na ji daɗin zamana.
Thank you for your hospitality.,Na gode da karimcinku.
Where is the restaurant?,Ina gidan abincin yake?
Is there a restaurant nearby?,Akwai gidan abinci a kusa?
I am hungry.,Ina jin yunwa.
I am thirsty.,Ina jin ƙishirwa.
I want to eat.,Ina son cin abinci.
I want to drink water.,Ina son shan ruwa.
Please give me some water.,Don Allah ba ni ruwa.
The food is ready.,Abincin ya shirya.
The food is hot.,Abincin yana da zafi.
The food is cold.,Abincin yana da sanyi.
The food is delicious.,Abincin yana da daɗi.
The food is not delicious.,Abincin ba shi da daɗi.
The food is too salty.,Abincin ya yi gishiri sosai.
The food is too spicy.,Abincin ya yi yaji sosai.
The food is too hot.,Abincin ya yi zafi sosai.
The food is too cold.,Abincin ya yi sanyi sosai.
I like this food.,Ina son wannan abincin.
I do not like this food.,Ba na son wannan abincin.
I want rice.,Ina son shinkafa.
I want beans.,Ina son wake.
I want meat.,Ina son nama.
I want chicken.,Ina son kaza.
I want fish.,Ina son kifi.
I want bread.,Ina son burodi.
I want eggs.,Ina son ƙwai.
I want vegetables.,Ina son kayan lambu.
I want fruit.,Ina son 'ya'yan itatuwa.
Please give me rice.,Don Allah ba ni shinkafa.
Please give me meat.,Don Allah ba ni nama.
Please give me chicken.,Don Allah ba ni kaza.
Please give me fish.,Don Allah ba ni kifi.
Please give me bread.,Don Allah ba ni burodi.
How much is the food?,Nawa ne kuɗin abincin?
How much is one plate?,Nawa ne farantin ɗaya?
Bring me the menu.,Kawo mini jerin abinci.
Can I see the menu?,Zan iya ganin jerin abincin?
What do you recommend?,Me kuke ba da shawara?
I want something simple.,Ina son wani abu mai sauƙi.
I want something cheap.,Ina son wani abu mai arha.
I want something delicious.,Ina son wani abu mai daɗi.
I do not eat meat.,Ba na cin nama.
I do not eat fish.,Ba na cin kifi.
I do not eat spicy food.,Ba na cin abinci mai yaji.
I am full.,Na ƙoshi.
I have finished eating.,Na gama cin abinci.
The food is finished.,Abincin ya ƙare.
Bring the bill.,Kawo lissafin kuɗin.
How much is the bill?,Nawa ne lissafin kuɗin?
I want to pay the bill.,Ina son biyan lissafin kuɗin.
The service is good.,Hidimar tana da kyau.
The service is slow.,Hidimar tana tafiya a hankali.
The service is fast.,Hidimar tana da sauri.
Thank you for the food.,Na gode da abincin.
I want to go to the market.,Ina son zuwa kasuwa.
Where is the market?,Ina kasuwar take?
Where is the nearest market?,Ina kasuwar da ta fi kusa?
Is the market open?,An buɗe kasuwar?
Is the market closed?,An rufe kasuwar?
What time does the market open?,Wane lokaci kasuwar take buɗewa?
What time does the market close?,Wane lokaci kasuwar take rufewa?
I want to buy something.,Ina son sayen wani abu.
I want to buy this.,Ina son sayen wannan.
I want to buy that.,Ina son sayen wancan.
How much is this?,Nawa ne wannan?
How much does this cost?,Nawa ne farashin wannan?
How much is that?,Nawa ne wancan?
What is the price?,Menene farashin?
The price is too high.,Farashin ya yi tsada sosai.
That is too expensive.,Wannan ya yi tsada sosai.
Do you have a cheaper one?,Kuna da wanda ya fi arha?
Can you reduce the price?,Za ka iya rage farashin?
Can you give me a discount?,Za ka iya ba ni rangwame?
Please reduce the price.,Don Allah rage farashin.
I cannot afford it.,Ba zan iya sayensa ba.
I do not have enough money.,Ba ni da isasshen kuɗi.
I have enough money.,Ina da isasshen kuɗi.
I will buy it.,Zan saya.
I will not buy it.,Ba zan saya ba.
I am just looking.,Ina kallo ne kawai.
I want to compare the prices.,Ina son kwatanta farashin.
Is this the final price?,Wannan ne farashin ƙarshe?
What is your best price?,Menene farashinka mafi sauƙi?
I need a better price.,Ina bukatar farashi mafi sauƙi.
Give me the best price.,Ba ni farashi mafi sauƙi.
I will take it.,Zan ɗauke shi.
I will take two.,Zan ɗauki biyu.
I will take three.,Zan ɗauki uku.
Give me one.,Ba ni guda ɗaya.
Give me two.,Ba ni guda biyu.
Give me three.,Ba ni guda uku.
I need a large size.,Ina bukatar girma babba.
I need a small size.,Ina bukatar ƙaramin girma.
Do you have another size?,Kuna da wani girma?
Do you have another color?,Kuna da wani launi?
Do you have a different one?,Kuna da wani daban?
Can I see another one?,Zan iya ganin wani?
Can I see this one?,Zan iya ganin wannan?
Can I touch it?,Zan iya taɓa shi?
Can I try it?,Zan iya gwada shi?
Does it fit me?,Ya yi mini?
This is too big.,Wannan ya yi girma sosai.
This is too small.,Wannan ya yi ƙanƙanta sosai.
This one fits me.,Wannan ya yi mini.
I like this one.,Ina son wannan.
I do not like this one.,Ba na son wannan.
I need a bag.,Ina bukatar jaka.
Please put it in a bag.,Don Allah saka shi cikin jaka.
Give me a receipt.,Ba ni rasit.
I need a receipt.,Ina bukatar rasit.
Where can I pay?,Ina zan biya?
Can I pay here?,Zan iya biya a nan?
Can I pay with cash?,Zan iya biya da kuɗin hannu?
Can I pay by card?,Zan iya biya da kati?
Can I pay with my phone?,Zan iya biya da waya ta?
Do you accept bank cards?,Kuna karɓar katin banki?
Do you accept cash?,Kuna karɓar kuɗin hannu?
Do you accept transfers?,Kuna karɓar tura kuɗi?
I want to pay in cash.,Ina son biyan kuɗi da tsabar kuɗi.
I want to pay by transfer.,Ina son biyan kuɗi ta hanyar tura kuɗi.
I have paid.,Na biya.
I have not paid yet.,Ban biya ba tukuna.
Here is the money.,Ga kuɗin.
Here is the payment.,Ga kuɗin biyan.
Keep the change.,Riƙe ragowar kuɗin.
Give me my change.,Ba ni ragowar kuɗina.
You gave me the wrong change.,Ka ba ni ragowar kuɗi ba daidai ba.
Count the money.,Ƙirga kuɗin.
Please count the money.,Don Allah ƙirga kuɗin.
I need change.,Ina bukatar canji.
I need small notes.,Ina bukatar ƙananan takardun kuɗi.
Do you have change?,Kuna da canji?
I have no change.,Ba ni da canji.
The money is not enough.,Kuɗin bai isa ba.
The money is enough.,Kuɗin ya isa.
I lost my money.,Na rasa kuɗina.
I found my money.,Na sami kuɗina.
Where is my wallet?,Ina jakar kuɗina take?
My wallet is missing.,Jakar kuɗina ta ɓace.
I need money.,Ina bukatar kuɗi.
I want to withdraw money.,Ina son cire kuɗi.
I want to deposit money.,Ina son saka kuɗi.
I want to send money.,Ina son tura kuɗi.
I want to receive money.,Ina son karɓar kuɗi.
I want to transfer money.,Ina son canja kuɗi.
How much money do you need?,Nawa ne kuɗin da kake bukata?
How much should I pay?,Nawa ya kamata in biya?
How much did I pay?,Nawa na biya?
How much did I receive?,Nawa na karɓa?
How much did you send?,Nawa ka tura?
How much did you receive?,Nawa ka karɓa?
The payment failed.,Biyan kuɗin ya gaza.
The transfer failed.,Tura kuɗin ya gaza.
The transfer was successful.,An yi nasarar tura kuɗin.
The payment was successful.,An yi nasarar biyan kuɗin.
The money has arrived.,Kuɗin ya iso.
The money has not arrived.,Kuɗin bai iso ba.
Please check your account.,Don Allah duba asusunka.
Check the balance.,Duba ragowar kuɗin.
What is my balance?,Nawa ne ragowar kuɗina?
My balance is low.,Ragowar kuɗina kaɗan ne.
My account is empty.,Asusuna babu kuɗi.
My account has been blocked.,An toshe asusuna.
My account is active.,Asusuna yana aiki.
I want to open an account.,Ina son buɗe asusu.
I want to open a bank account.,Ina son buɗe asusun banki.
I already have an account.,Na riga na mallaki asusu.
I do not have a bank account.,Ba ni da asusun banki.
Where is the bank?,Ina bankin yake?
Where is the nearest bank?,Ina bankin da ya fi kusa?
Is the bank open?,An buɗe bankin?
Is the bank closed?,An rufe bankin?
What time does the bank open?,Wane lokaci bankin yake buɗewa?
What time does the bank close?,Wane lokaci bankin yake rufewa?
I want to speak to a bank officer.,Ina son magana da ma'aikacin banki.
I need help with my account.,Ina bukatar taimako game da asusuna.
I forgot my password.,Na manta kalmar sirrina.
I forgot my PIN.,Na manta lambar sirri ta.
I need to change my PIN.,Ina bukatar canza lambar sirri ta.
My ATM card is not working.,Katin ATM dina baya aiki.
My bank card is not working.,Katin banki na baya aiki.
I lost my ATM card.,Na rasa katin ATM dina.
I lost my bank card.,Na rasa katin banki na.
Please block my card.,Don Allah toshe katina.
I need a new bank card.,Ina bukatar sabon katin banki.
Where is the ATM?,Ina ATM yake?
Where is the nearest ATM?,Ina ATM mafi kusa?
The ATM is not working.,ATM ɗin baya aiki.
The ATM has no money.,ATM ɗin babu kuɗi.
I want to withdraw cash.,Ina son cire tsabar kuɗi.
I want to check my balance.,Ina son duba ragowar kuɗina.
I want to deposit cash.,Ina son saka tsabar kuɗi.
The ATM kept my card.,ATM ɗin ya riƙe katina.
I need a bank statement.,Ina bukatar bayanin asusun banki.
I need proof of payment.,Ina bukatar shaidar biyan kuɗi.
I need a transaction receipt.,Ina bukatar rasitin mu'amala.
What is the bank charge?,Nawa ne kuɗin aikin banki?
Is there a transaction fee?,Akwai kuɗin mu'amala?
How long will the transfer take?,Har yaushe tura kuɗin zai ɗauka?
The transaction is pending.,Ana jiran kammala mu'amalar.
The transaction is complete.,An kammala mu'amalar.
The transaction was cancelled.,An soke mu'amalar.
I made a mistake in the transfer.,Na yi kuskure wajen tura kuɗin.
I sent the money to the wrong account.,Na tura kuɗin zuwa asusun da ba daidai ba.
Please help me correct the transaction.,Don Allah taimaka mini in gyara mu'amalar.
I need customer service.,Ina bukatar sabis na abokan ciniki.
Where is customer service?,Ina sashen kula da abokan ciniki yake?
Please help me.,Don Allah taimaka mini.
I have a problem with my account.,Ina da matsala da asusuna.
I have a problem with my card.,Ina da matsala da katina.
I have a problem with the transfer.,Ina da matsala da tura kuɗin.
I want to make a complaint.,Ina son yin ƙorafi.
I want to speak to the manager.,Ina son magana da manaja.
The manager is not here.,Manajan baya nan.
Please wait for the manager.,Don Allah jira manajan.
I run a business.,Ina gudanar da kasuwanci.
I have a business.,Ina da kasuwanci.
I want to start a business.,Ina son fara kasuwanci.
My business is growing.,Kasuwancina yana bunƙasa.
My business is doing well.,Kasuwancina yana tafiya da kyau.
My business is not doing well.,Kasuwancina baya tafiya da kyau.
I need a business plan.,Ina bukatar tsarin kasuwanci.
I need a business partner.,Ina bukatar abokin kasuwanci.
I am looking for a business partner.,Ina neman abokin kasuwanci.
We can work together.,Za mu iya yin aiki tare.
Let us work together.,Mu yi aiki tare.
This is a good business opportunity.,Wannan dama ce mai kyau ta kasuwanci.
This is a profitable business.,Wannan kasuwanci ne mai riba.
The business is profitable.,Kasuwancin yana da riba.
The business is losing money.,Kasuwancin yana asarar kuɗi.
The business needs more customers.,Kasuwancin yana bukatar ƙarin abokan ciniki.
We need more customers.,Muna bukatar ƙarin abokan ciniki.
The customer is waiting.,Abokin ciniki yana jira.
The customers are waiting.,Abokan ciniki suna jira.
We have many customers.,Muna da abokan ciniki da yawa.
We need more workers.,Muna bukatar ƙarin ma'aikata.
We need a new employee.,Muna bukatar sabon ma'aikaci.
The employee is working.,Ma'aikacin yana aiki.
The employees are working.,Ma'aikatan suna aiki.
The shop is open.,An buɗe shagon.
The shop is closed.,An rufe shagon.
Open the shop.,Buɗe shagon.
Close the shop.,Rufe shagon.
I own this shop.,Ni ne mai wannan shagon.
This is my shop.,Wannan shagona ne.
I want to rent a shop.,Ina son yin hayar shago.
I want to buy a shop.,Ina son sayen shago.
The rent is expensive.,Hayar ta yi tsada.
The rent is cheap.,Hayar tana da arha.
I need an office.,Ina bukatar ofishi.
I need a computer.,Ina bukatar kwamfuta.
I need a printer.,Ina bukatar firinta.
I need a phone.,Ina bukatar waya.
I need a new phone.,Ina bukatar sabuwar waya.
I want to buy a laptop.,Ina son sayen kwamfutar tafi-da-gidanka.
I want to buy a computer.,Ina son sayen kwamfuta.
How much is this computer?,Nawa ne wannan kwamfutar?
How much is this laptop?,Nawa ne wannan kwamfutar tafi-da-gidanka?
How much is this phone?,Nawa ne wannan wayar?
Is this computer new?,Wannan kwamfutar sabuwa ce?
Is this phone new?,Wannan wayar sabuwa ce?
Is this phone used?,An taɓa amfani da wannan wayar?
Does it have a warranty?,Yana da garanti?
How long is the warranty?,Har yaushe garantin yake?
I need a charger.,Ina bukatar caja.
I need a phone charger.,Ina bukatar cajin waya.
I need a laptop charger.,Ina bukatar cajin kwamfuta.
The charger is not working.,Cajin baya aiki.
My phone is not charging.,Wayata ba ta caji.
My computer is not working.,Kwamfutata ba ta aiki.
The computer is slow.,Kwamfutar tana tafiya a hankali.
The internet is slow.,Intanet ɗin yana tafiya a hankali.
The internet is not working.,Intanet ɗin baya aiki.
The network is down.,Cibiyar sadarwar ta daina aiki.
The network is slow.,Cibiyar sadarwar tana tafiya a hankali.
The network is back.,Cibiyar sadarwar ta dawo.
There is no network.,Babu hanyar sadarwa.
I have no internet connection.,Ba ni da haɗin intanet.
Please connect to the internet.,Don Allah haɗa da intanet.
Turn on the Wi-Fi.,Kunna Wi-Fi.
Turn off the Wi-Fi.,Kashe Wi-Fi.
What is the Wi-Fi password?,Menene kalmar sirrin Wi-Fi?
Please give me the Wi-Fi password.,Don Allah ba ni kalmar sirrin Wi-Fi.
I forgot the Wi-Fi password.,Na manta kalmar sirrin Wi-Fi.
The Wi-Fi is not working.,Wi-Fi baya aiki.
My phone is connected.,Wayata ta haɗu.
My phone is not connected.,Wayata ba ta haɗu ba.
Send me the file.,Tura mini fayil ɗin.
Send me the document.,Tura mini takardar.
Send me the picture.,Tura mini hoton.
Send me the message.,Tura mini saƙon.
I received the message.,Na karɓi saƙon.
I did not receive the message.,Ban karɓi saƙon ba.
I received the file.,Na karɓi fayil ɗin.
I did not receive the file.,Ban karɓi fayil ɗin ba.
Please send it again.,Don Allah sake tura shi.
Download the file.,Sauke fayil ɗin.
Upload the file.,Loda fayil ɗin.
Open the file.,Buɗe fayil ɗin.
Close the file.,Rufe fayil ɗin.
Save the file.,Ajiye fayil ɗin.
Delete the file.,Goge fayil ɗin.
Copy the file.,Kwafi fayil ɗin.
Print the document.,Buga takardar.
The printer is not working.,Firintar ba ta aiki.
The computer has a problem.,Kwamfutar tana da matsala.
The phone has a problem.,Wayar tana da matsala.
Restart the computer.,Sake kunna kwamfutar.
Turn on the computer.,Kunna kwamfutar.
Turn off the computer.,Kashe kwamfutar.
Turn on the phone.,Kunna wayar.
Turn off the phone.,Kashe wayar.
Charge the phone.,Caji wayar.
My battery is low.,Batirina ya kusa ƙarewa.
My battery is full.,Batirina ya cika.
The battery is dead.,Batirin ya ƙare.
I need a power bank.,Ina bukatar power bank.
Where can I charge my phone?,Ina zan iya cajin wayata?
I need electricity.,Ina bukatar wutar lantarki.
There is no electricity.,Babu wutar lantarki.
The electricity has gone off.,Wutar lantarki ta yanke.
The electricity has returned.,Wutar lantarki ta dawo.
The light is on.,An kunna fitilar.
The light is off.,An kashe fitilar.
I need a new cable.,Ina bukatar sabon kebul.
The cable is damaged.,Kebul ɗin ya lalace.
The screen is broken.,Allon ya karye.
My screen is cracked.,Allon wayata ya fashe.
The keyboard is not working.,Allon rubutu baya aiki.
The mouse is not working.,Mouse baya aiki.
I need technical support.,Ina bukatar taimakon fasaha.
Where can I repair my phone?,Ina zan gyara wayata?
Where can I repair my computer?,Ina zan gyara kwamfutata?
My phone needs repair.,Wayata tana bukatar gyara.
My computer needs repair.,Kwamfutata tana bukatar gyara.
How much will the repair cost?,Nawa gyaran zai kashe?
When will the repair be ready?,Yaushe gyaran zai kammala?
The repair is ready.,An gama gyaran.
I will come tomorrow.,Zan zo gobe.
I will come today.,Zan zo yau.
Call me later.,Kira ni daga baya.
Send me your number.,Tura mini lambarka.
What is your phone number?,Menene lambar wayarka?
My phone number is here.,Ga lambar wayata.
Save my number.,Ajiye lambata.
I will call you.,Zan kira ka.
I will send you a message.,Zan tura maka saƙo.
Please call me.,Don Allah kira ni.
Please send me a message.,Don Allah tura mini saƙo.
I am online.,Ina kan layi.
I am offline.,Ba na kan layi.
The website is not working.,Shafin yanar gizon baya aiki.
Open the website.,Buɗe shafin yanar gizon.
Search for it online.,Neme shi a intanet.
I need information.,Ina bukatar bayani.
Where can I find more information?,Ina zan sami ƙarin bayani?
Please explain it to me.,Don Allah bayyana mini.
I do not understand.,Ban fahimta ba.
I understand.,Na fahimta.
I understand now.,Yanzu na fahimta.
Please repeat that.,Don Allah sake faɗin hakan.
Speak slowly please.,Yi magana a hankali don Allah.
Speak louder please.,Yi magana da ƙarfi don Allah.
What does this mean?,Menene ma'anar wannan?
What is this called?,Menene ake kiran wannan?
How does this work?,Ta yaya wannan yake aiki?
Can you help me with this?,Za ka iya taimaka mini da wannan?
I need your help.,Ina bukatar taimakonka.
Thank you for your help.,Na gode da taimakonka.
English,Hausa
come,zo
go,je
eat,ci
drink,sha
sleep,yi barci
sit,zauna
stand,tsaya
wait,jira
walk,yi tafiya
run,gudu
stop,tsaya
start,fara
begin,fara
finish,kammala
open,bude
close,rufe
enter,shiga
leave,tashi
return, dawo
give,ba
take,dauka
bring,kawo
send,aika
receive,karba
buy,saya
sell,sayar
pay,bayar
help,tallafa
ask,tambaya
answer,amsa
speak,yi magana
talk,yi magana
listen,saurara
hear,jin
see,ga
look,duba
watch,kalla
read,karanta
write,rubuta
learn,koya
teach,koyar
study,yi karatu
work,yi aiki
play,yi wasa
live,zauna
stay,zauna
move,motsa
travel,yi tafiya
drive,tuki
ride,hawa
call,kira
meet,hadu
know,sani
understand,fahimta
remember,tuna
forget,manta
think,yi tunani
want,so
need, bukata
like,so
love,kauna
hate,kiyayya
feel,ji
try,gwada
use,yi amfani
make,yi
do,yi
have,da
get,samu
find, samo
keep,ajiye
put,saka
remove,cire
bring,kawo
carry,dauka
hold,rike
show,nuna
tell, gaya
say,ce
ask,tambaya
reply,amsa
choose,zaba
change,canza
help,tallafa
wait,jira
follow,biyo
lead,ja-goranci
remember,tuna
forget,manta
yes,e
no,a'a
maybe,wata kila
please,don Allah
thank you,na gode
thanks,na gode
welcome,barka da zuwa
sorry,yi hakuri
excuse me,yi hakuri
hello,sannu
hi,sannu
good,mai kyau
bad,mara kyau
better,mafi kyau
best,mafi kyau
big,babban
small,karami
long,mai tsawo
short,gajere
high,mai tsawo
low,ƙasa
new,sabo
old,tsoho
young,saurayi
beautiful,kyakkyawa
easy,mai sauki
difficult,mai wahala
important,mai muhimmanci
strong,mai ƙarfi
weak,mai rauni
fast,mai sauri
slow,mai jinkiri
hot,zafi
cold,sanyi
clean,mai tsabta
dirty,mai datti
happy,mai farin ciki
sad,mai bakin ciki
ready,shirye
busy,mai aiki
free,kyauta
right,daidai
wrong,kuskure
true,gaskiya
false,karya
same,iri daya
different,daban
who,wa
what,me
where,ina
when,yaushe
why,me ya sa
how,yaya
which,wanne
whose,na wa
whom,wa
this,wannan
that,wancan
these,wadannan
those,wadancan
here,anan
there,can
now,yanzu
today,yau
tomorrow,gobe
yesterday,jiy
morning, safe
afternoon,rana
evening,yamma
night,dare
day,ranar
week,mako
month,wata
year,shekara
time,lokaci
place,wuri
person,mutum
people,mutane
man,namiji
woman,mace
boy,yaro
girl,yarinya
child,yaro
children,yara
friend,aboki
family,iyali
father,uba
mother,uwa
brother,dan uwa
sister,yar uwa
son,da
daughter,yar
husband,miji
wife,mata
teacher,malami
student,dalibi
doctor,likita
nurse,jinya
farmer,manomi
driver,direba
police,dan sanda
worker,ma'aikaci
leader,shugaba
person,mutum
name,suna
age,shekaru
home,gida
house,gida
room,daki
school,makaranta
classroom,aji
office,ofis
hospital,asibiti
market,kasuwa
bank,banki
shop,shago
road,hanya
street,titin
city,gari
town,garin
village,kauye
country,ƙasa
water,ruwa
food,abinci
rice,shinkafa
meat,nama
fish,kifi
bread,burodi
milk,madara
tea,shayi
sugar,sukari
salt,gishiri
fruit, 'ya'yan itace
vegetable,kayan lambu
money,kudi
price,farashi
account,asusu
book,littafi
pen,alkalami
paper,takarda
computer,kwamfuta
phone,waya
internet,intanet
network,network
message,sako
email,imel
file,fayil
program,shirye-shirye
software,manhaja
hardware,kayan kwamfuta
keyboard,maballin kwamfuta
screen,fuska
car,mota
bus,mota bas
motorcycle,keke mai mota
bicycle,keke
vehicle,mota
fuel,man fetur
petrol,fetur
diesel,dizal
air,iska
rain,ruwan sama
sun,rana
moon,wata
weather,yanayi
fire,wuta
earth,duniya
farm,gona
farmer,manomi
crop,amfanin gona
animal,dabba
cow,saniya
goat,akuya
sheep,tunkiya
chicken,kaza
bird,tsuntsu
dog,kare
cat,kuliya
tree,itace
flower,fure
seed,iri
soil,ƙasa
health,lafiya
medicine,magani
pain,zafi
problem,matsala
danger,hatsari
help,tallafi
emergency,gaggawa
police,'yan sanda
station,tasha
hotel,otal
restaurant,gidan abinci
food,abinci
water,ruwa
to,zuwa
from,daga
with,tare da
without,ba tare da
for,domin
about,game da
before,kafin
after,bayan
during,a lokacin
between,tsakanin
under,karkashin
above,sama da
inside,ciki
outside,waje
near,kusa
far,nisa
and,da
or,ko
but,amma
because,saboda
if,idan
then,sannan
also,kuma
very,sosai
more,fiye
less,ƙasa
only,kawai
always,koyaushe
never,ba taba
often,sau da yawa
sometimes,wani lokaci
again,sake
already,tuni
still,har yanzu
together,tare
quickly,da sauri
slowly,a hankali
carefully,a hankali
really,da gaske
English,Hausa
How are you today?,Yaya kake yau?
How is your family?,Yaya iyalinka?
How is your mother?,Yaya mahaifiyarka?
How is your father?,Yaya mahaifinka?
How are your children?,Yaya yaranka?
I am fine.,Ina lafiya.
I am very fine.,Ina cikin koshin lafiya.
I am doing well.,Ina cikin koshin lafiya.
I am happy today.,Ina farin ciki yau.
I am not feeling well.,Ba na jin dadi.
What is your name?,Menene sunanka?
What is her name?,Menene sunanta?
What is his name?,Menene sunansa?
Where are you going?,Ina za ka?
Where are you coming from?,Daga ina kake zuwa?
Where do you live?,Ina kake zama?
Where do you work?,Ina kake aiki?
Where is your house?,Ina gidanka?
Where is the school?,Ina makarantar?
Where is the market?,Ina kasuwar?
Where is the hospital?,Ina asibitin?
Where is the bank?,Ina bankin?
Where is the police station?,Ina ofishin 'yan sanda?
Who are you?,Wane ne kai?
Who is that man?,Wane ne wannan mutumin?
Who is that woman?,Wace ce wannan matar?
Who is your teacher?,Wane ne malaminka?
Who is your friend?,Wane ne abokinka?
Who is coming?,Wa yake zuwa?
Who is calling me?,Wa yake kirana?
What are you doing?,Me kake yi?
What are you looking for?,Me kake nema?
What do you want?,Me kake so?
What do you need?,Me kake bukata?
What happened?,Me ya faru?
What is this?,Menene wannan?
What is that?,Menene wancan?
What is the problem?,Menene matsalar?
What time is it?,Wane lokaci ne?
When are you coming?,Yaushe za ka zo?
When will you return?,Yaushe za ka dawo?
When does the school open?,Yaushe makaranta take budewa?
When did you arrive?,Yaushe ka iso?
Why are you late?,Me ya sa ka makara?
Why are you angry?,Me ya sa kake fushi?
Why are you crying?,Me ya sa kake kuka?
Why did you leave?,Me ya sa ka tafi?
Why did you stop?,Me ya sa ka tsaya?
How did you come here?,Yaya ka zo nan?
How can I help you?,Yaya zan taimake ka?
How much is this?,Nawa ne wannan?
How much does it cost?,Nawa ne farashinsa?
How many people are there?,Mutane nawa ne a wurin?
How long will you stay?,Har yaushe za ka zauna?
Can you help me?,Za ka iya taimaka mini?
Can you hear me?,Kana iya jin ni?
Can you see me?,Kana iya ganina?
Can you speak Hausa?,Kana iya magana da Hausa?
Can you speak English?,Kana iya magana da Turanci?
Can you come tomorrow?,Za ka iya zuwa gobe?
Can you wait for me?,Za ka iya jira na?
Can you give me some water?,Za ka iya ba ni ruwa?
Can you give me a discount?,Za ka iya ba ni rangwame?
Can you open the door?,Za ka iya bude kofar?
Can you close the window?,Za ka iya rufe taga?
Do you understand me?,Ka fahimce ni?
Do you know him?,Ka san shi?
Do you know her?,Ka san ta?
Do you have money?,Kana da kudi?
Do you have food?,Kana da abinci?
Do you have water?,Kana da ruwa?
Do you need help?,Kana bukatar taimako?
Do you like Hausa?,Kana son Hausa?
Do you like this?,Kana son wannan?
Do you live here?,Kana zama a nan?
Do you work here?,Kana aiki a nan?
Are you ready?,Shirye kake?
Are you busy?,Kana aiki?
Are you tired?,Ka gaji?
Are you hungry?,Kana jin yunwa?
Are you thirsty?,Kana jin kishirwa?
Are you sick?,Kana rashin lafiya?
Is everything okay?,Komai yana lafiya?
Is this your book?,Wannan littafinka ne?
Is this your phone?,Wannan wayarka ce?
Is the school open?,Makarantar a bude take?
Is the market open?,Kasuwar a bude take?
I am going home.,Ina komawa gida.
I am going to school.,Ina zuwa makaranta.
I am going to work.,Ina zuwa aiki.
I am going to the market.,Ina zuwa kasuwa.
I am going to the hospital.,Ina zuwa asibiti.
I am going to the bank.,Ina zuwa banki.
I am coming home.,Ina zuwa gida.
I am coming tomorrow.,Zan zo gobe.
I am coming now.,Zan zo yanzu.
I will come later.,Zan zo daga baya.
I will return tomorrow.,Zan dawo gobe.
I will call you later.,Zan kira ka daga baya.
I will call you tomorrow.,Zan kira ka gobe.
I will see you tomorrow.,Zan gan ka gobe.
I will wait for you.,Zan jira ka.
I am waiting for you.,Ina jiranka.
I am waiting for your reply.,Ina jiran amsarka.
I am looking for my book.,Ina neman littafina.
I am looking for my phone.,Ina neman wayata.
I am looking for a job.,Ina neman aiki.
I am learning Hausa.,Ina koyon Hausa.
I am learning English.,Ina koyon Turanci.
I am learning computer science.,Ina koyon ilimin kwamfuta.
I am studying at school.,Ina karatu a makaranta.
I am studying for my examination.,Ina karatu domin jarabawata.
I am going to study.,Zan je yin karatu.
I want to learn Hausa.,Ina son koyon Hausa.
I want to learn English.,Ina son koyon Turanci.
I want to improve my English.,Ina son inganta Turancina.
I want to buy food.,Ina son sayen abinci.
I want to buy water.,Ina son sayen ruwa.
I want to buy a phone.,Ina son sayen waya.
I want to buy a computer.,Ina son sayen kwamfuta.
I want to open an account.,Ina son bude asusu.
I want to open a bank account.,Ina son bude asusun banki.
I need some money.,Ina bukatar kudi.
I need some water.,Ina bukatar ruwa.
I need some food.,Ina bukatar abinci.
I need your help.,Ina bukatar taimakonka.
I need a doctor.,Ina bukatar likita.
I need a teacher.,Ina bukatar malami.
Please help me.,Don Allah ka taimake ni.
Please wait for me.,Don Allah ka jira ni.
Please come here.,Don Allah zo nan.
Please sit down.,Don Allah zauna.
Please stand up.,Don Allah tashi.
Please listen to me.,Don Allah saurare ni.
Please speak slowly.,Don Allah yi magana a hankali.
Please speak clearly.,Don Allah yi magana a fili.
Please repeat that.,Don Allah sake fadin hakan.
Please explain it to me.,Don Allah ka bayyana mini.
Thank you very much.,Na gode sosai.
Thank you for your help.,Na gode da taimakonka.
You are welcome.,Babu komai.
I am sorry.,Yi hakuri.
I apologize.,Ina neman afuwa.
It is okay.,Ba komai.
No problem.,Babu matsala.
That is good.,Wannan yana da kyau.
That is very good.,Wannan yana da kyau sosai.
That is not good.,Wannan ba shi da kyau.
I understand.,Na fahimta.
I do not understand.,Ban fahimta ba.
I know.,Na sani.
I do not know.,Ban sani ba.
I remember.,Na tuna.
I do not remember.,Ban tuna ba.
I forgot.,Na manta.
I do not understand this question.,Ban fahimci wannan tambayar ba.
Please give me an answer.,Don Allah ka ba ni amsa.
I have a question.,Ina da tambaya.
I have an idea.,Ina da ra'ayi.
I have a problem.,Ina da matsala.
I have a meeting today.,Ina da taro yau.
I have an examination tomorrow.,Ina da jarabawa gobe.
The examination is tomorrow.,Jarabawar gobe ce.
The examination was difficult.,Jarabawar ta kasance da wahala.
The lesson is easy.,Darasin yana da sauki.
The lesson is difficult.,Darasin yana da wahala.
The teacher is here.,Malam yana nan.
The teacher is coming.,Malam yana zuwa.
The students are learning.,Dalibai suna koyo.
The students are reading.,Dalibai suna karatu.
The students are writing.,Dalibai suna rubutu.
The students are listening.,Dalibai suna sauraro.
The students are asking questions.,Dalibai suna yin tambayoyi.
The teacher is explaining the lesson.,Malam yana bayanin darasin.
I woke up early today.,Na tashi da wuri yau.
I woke up late today.,Na tashi a makare yau.
I had breakfast this morning.,Na yi karin kumallo da safe.
I am hungry.,Ina jin yunwa.
I am thirsty.,Ina jin kishirwa.
I am tired.,Na gaji.
I am going to sleep.,Zan je in yi barci.
I will wake up early tomorrow.,Zan tashi da wuri gobe.
I will stay for three days.,Zan zauna na tsawon kwana uku.
I will stay here tonight.,Zan zauna nan daren yau.
I will return home tomorrow.,Zan dawo gida gobe.
I greeted my family.,Na gaishe da iyalina.
I helped my family.,Na taimaki iyalina.
I called my friend.,Na kira abokina.
I met my teacher.,Na hadu da malamaina.
I went to the market.,Na je kasuwa.
I bought some food.,Na sayi abinci.
I bought rice and meat.,Na sayi shinkafa da nama.
The food is finished.,Abincin ya kare.
The food is ready.,Abincin ya shirya.
The food is delicious.,Abincin yana da dadi.
The water is cold.,Ruwan yana da sanyi.
The water is hot.,Ruwan yana da zafi.
The price is high.,Farashin yana da tsada.
The price is low.,Farashin yana da sauki.
The seller agreed to reduce the price.,Mai sayarwa ya amince ya rage farashin.
I want to buy this.,Ina son sayen wannan.
I do not want to buy this.,Ba na son sayen wannan.
How much is the rice?,Nawa ne farashin shinkafar?
How much is the meat?,Nawa ne farashin naman?
Please reduce the price.,Don Allah rage farashin.
This is too expensive.,Wannan ya yi tsada sosai.
This is cheap.,Wannan yana da sauki.
I do not have enough money.,Ba ni da isasshen kudi.
I have enough money.,Ina da isasshen kudi.
Here is your money.,Ga kudinka.
Give me my change.,Ba ni sauran kudina.
Keep the change.,Ka rike sauran kudin.
Where can I buy food?,Ina zan iya sayen abinci?
Where can I buy water?,Ina zan iya sayen ruwa?
Where can I find a hotel?,Ina zan sami otal?
Where can I find a restaurant?,Ina zan sami gidan abinci?
I need a room.,Ina bukatar daki.
I need a taxi.,Ina bukatar tasi.
Take me to the hospital.,Kai ni asibiti.
Take me to the school.,Kai ni makaranta.
Take me to the market.,Kai ni kasuwa.
Stop the car here.,Tsayar da motar nan.
The car is coming.,Motar tana zuwa.
The bus is late.,Motar bas ta makara.
The road is busy.,Hanyar tana cike da mutane da motoci.
The road is dangerous.,Hanyar tana da hatsari.
Be careful.,Yi hankali.
Wait here.,Jira nan.
Come with me.,Zo tare da ni.
Go with him.,Je tare da shi.
Go with her.,Je tare da ita.
Come back soon.,Dawo da wuri.
Do not go there.,Kada ka je can.
Do not touch this.,Kada ka taba wannan.
Do not worry.,Kada ka damu.
Do not be afraid.,Kada ka ji tsoro.
Everything is fine.,Komai yana lafiya.
Everything is ready.,Komai ya shirya.
I am ready.,Na shirya.
We are ready.,Mun shirya.
Let us go.,Mu tafi.
Let us start.,Mu fara.
Let us wait.,Mu jira.
Let us eat.,Mu ci abinci.
Let us go home.,Mu koma gida.
See you tomorrow.,Sai gobe.
See you later.,Sai an jima.
Good morning.,Ina kwana.
Good afternoon.,Ina yini.
Good evening.,Barka da yamma.
Good night.,Sai da safe.
Have a good day.,Allah ya sa ka yini lafiya.
Have a safe journey.,Allah ya kiyaye hanya.
Welcome home.,Barka da zuwa gida.
Welcome to our school.,Barka da zuwa makarantar mu.
Welcome to our country.,Barka da zuwa kasarmu.
I hope you are well.,Ina fatan kana lafiya.
I hope everything goes well.,Ina fatan komai zai tafi lafiya.
What happened to you?,Me ya same ka?
Are you okay?,Kana lafiya?
Do not be late.,Kada ka makara.
Come early tomorrow.,Zo da wuri gobe.
Call me when you arrive.,Kira ni idan ka iso.
Send me a message.,Aika mini da sako.
Send me the information.,Aika mini da bayanin.
Give me your phone number.,Ba ni lambar wayarka.
I will send you a message.,Zan aika maka da sako.
I received your message.,Na karbi sakonka.
I received your email.,Na karbi imel dinka.
I will reply later.,Zan amsa daga baya.
Please call me.,Don Allah kira ni.
I cannot hear you.,Ba na iya jin ka.
I cannot see you.,Ba na iya ganin ka.
Speak louder please.,Don Allah yi magana da karfi.
The network is down.,Network din ya yanke.
The internet is slow.,Intanet din yana da jinkiri.
The internet is not working.,Intanet din baya aiki.
My phone is not working.,Wayata ba ta aiki.
My computer is not working.,Kwamfuta ta ba ta aiki.
I need a new computer.,Ina bukatar sabuwar kwamfuta.
I need a new phone.,Ina bukatar sabuwar waya.
Turn on the computer.,Kunna kwamfutar.
Turn off the computer.,Kashe kwamfutar.
Open the file.,Bude fayil din.
Close the file.,Rufe fayil din.
Save the file.,Ajiye fayil din.
Send the file.,Aika fayil din.
Where is the computer?,Ina kwamfutar?
Where is my phone?,Ina wayata?
I cannot find my phone.,Ba zan iya samun wayata ba.
I lost my phone.,Na rasa wayata.
I found my phone.,Na sami wayata.
My battery is low.,Batirin wayata ya kusa karewa.
Charge the phone.,Caja wayar.
The power is off.,Wuta ta dauke.
The power is back.,Wuta ta dawo.
English,Hausa
Computer science is the study of computation and information.,Ilimin kwamfuta nazarin lissafi da bayanai ne.
Computer science is an important field of study.,Ilimin kwamfuta fanni ne mai muhimmanci na karatu.
A computer is an electronic device that processes data.,Kwamfuta na'urar lantarki ce da ke sarrafa bayanai.
Computers are used in many areas of life.,Ana amfani da kwamfutoci a fannoni da dama na rayuwa.
A computer can store and process large amounts of data.,Kwamfuta na iya adanawa da sarrafa dimbin bayanai.
Data is information that can be processed by a computer.,Bayanai su ne bayanan da kwamfuta za ta iya sarrafawa.
Information is processed data that has meaning.,Bayani shi ne bayanan da aka sarrafa kuma suke da ma'ana.
A computer system consists of hardware and software.,Tsarin kwamfuta ya kunshi kayan aiki da manhaja.
Computer hardware includes the physical components of a computer.,Kayan aikin kwamfuta sun hada da sassan zahiri na kwamfuta.
Computer software consists of programs and applications.,Manhajar kwamfuta ta kunshi shirye-shirye da manhajoji.
The processor is responsible for executing instructions.,Na'ura mai sarrafawa ce ke da alhakin aiwatar da umarni.
The CPU is the main processing unit of a computer.,CPU ita ce babbar na'urar sarrafa bayanai ta kwamfuta.
The memory stores data and instructions temporarily.,Ma'adanar bayanai tana adana bayanai da umarni na dan lokaci.
RAM is a type of temporary computer memory.,RAM wani nau'in ma'adanar kwamfuta ce ta dan lokaci.
A hard disk is used to store data.,Ana amfani da hard disk wajen adana bayanai.
A solid-state drive is used for data storage.,Ana amfani da solid-state drive wajen adana bayanai.
The keyboard is an input device.,Keyboard na'urar shigar da bayanai ce.
The mouse is an input device.,Mouse na'urar shigar da bayanai ce.
A monitor is an output device.,Monitor na'urar fitar da bayanai ce.
A printer is an output device.,Printer na'urar fitar da bayanai ce.
A computer network connects computers and other devices.,Cibiyar sadarwar kwamfuta tana hada kwamfutoci da sauran na'urori.
The internet is a global network of computers.,Intanet babbar cibiyar sadarwa ce ta kwamfutoci a duniya.
A network allows devices to communicate with each other.,Cibiyar sadarwa tana ba na'urori damar sadarwa da juna.
A server provides services to other computers.,Server yana samar da ayyuka ga sauran kwamfutoci.
A client requests services from a server.,Client yana neman ayyuka daga server.
A database stores organized information.,Ma'adanar bayanai tana adana bayanan da aka tsara.
A database can contain thousands of records.,Ma'adanar bayanai na iya kunshe da dubban bayanai.
Database management is important in information systems.,Gudanar da ma'adanar bayanai yana da muhimmanci a tsarin bayanai.
SQL is used to manage relational databases.,Ana amfani da SQL wajen sarrafa relational databases.
Programming is the process of writing instructions for a computer.,Programming tsari ne na rubuta umarni ga kwamfuta.
A programming language is used to write computer programs.,Ana amfani da harshen shirye-shirye wajen rubuta shirye-shiryen kwamfuta.
Python is a popular programming language.,Python sanannen harshen shirye-shirye ne.
Python is widely used in artificial intelligence.,Ana amfani da Python sosai a fannin basirar wucin gadi.
A program is a set of instructions that a computer can execute.,Program tarin umarni ne da kwamfuta za ta iya aiwatarwa.
An algorithm is a step-by-step procedure for solving a problem.,Algorithm hanya ce mai matakai-matakai don warware matsala.
Algorithms are important in computer science.,Algorithms suna da muhimmanci a ilimin kwamfuta.
A good algorithm should be efficient.,Kyakkyawan algorithm ya kamata ya kasance mai inganci.
An algorithm can be represented using a flowchart.,Ana iya wakiltar algorithm ta amfani da flowchart.
A flowchart shows the steps of a process.,Flowchart yana nuna matakan wani tsari.
Artificial intelligence enables machines to perform intelligent tasks.,Basirar wucin gadi tana bai wa na'urori damar aiwatar da ayyuka masu kama da hankali.
Artificial intelligence is an important area of computer science.,Basirar wucin gadi muhimmin fanni ne na ilimin kwamfuta.
Machine learning is a branch of artificial intelligence.,Machine learning reshe ne na basirar wucin gadi.
Machine learning allows computers to learn from data.,Machine learning yana bai wa kwamfutoci damar koyo daga bayanai.
A machine learning model learns patterns from data.,Samfurin machine learning yana koyon alamu daga bayanai.
Training data is used to train a machine learning model.,Ana amfani da bayanan horo wajen horar da samfurin machine learning.
The quality of the data affects the performance of the model.,Ingancin bayanai yana shafar aikin samfurin.
A neural network is inspired by the human brain.,Neural network an tsara shi ne bisa tsarin kwakwalwar mutum.
Artificial neural networks contain interconnected nodes.,Artificial neural networks suna kunshe da nodes da aka hada da juna.
Deep learning uses multiple layers of neural networks.,Deep learning yana amfani da matakai da yawa na neural networks.
Computer vision enables computers to understand images and videos.,Computer vision yana bai wa kwamfutoci damar fahimtar hotuna da bidiyo.
Natural language processing enables computers to process human language.,Natural language processing yana bai wa kwamfutoci damar sarrafa harshen mutane.
Speech recognition converts speech into text.,Speech recognition yana mayar da magana zuwa rubutu.
Image processing involves manipulating digital images.,Image processing ya kunshi sarrafa hotunan dijital.
Data science combines statistics, programming, and data analysis.,Data science yana hada statistics da programming da nazarin bayanai.
Data analysis helps researchers understand information.,Nazarin bayanai yana taimaka wa masu bincike fahimtar bayanai.
Big data refers to very large and complex datasets.,Big data na nufin manyan tarin bayanai masu sarkakiya.
Cloud computing provides computing resources over the internet.,Cloud computing yana samar da albarkatun kwamfuta ta intanet.
Embedded systems are computer systems designed for specific tasks.,Embedded systems tsarin kwamfuta ne da aka tsara domin takamaiman ayyuka.
An embedded system combines hardware and software.,Embedded system yana hada kayan aiki da manhaja.
Microcontrollers are commonly used in embedded systems.,Ana amfani da microcontrollers sosai a embedded systems.
Sensors collect information from the environment.,Sensors suna tattara bayanai daga muhalli.
An actuator performs an action based on a control signal.,Actuator yana aiwatar da aiki bisa ga siginar sarrafawa.
The Internet of Things connects physical devices to the internet.,Internet of Things yana hada na'urorin zahiri da intanet.
IoT devices can collect and exchange data.,Na'urorin IoT na iya tattarawa da musayar bayanai.
Edge computing processes data close to where it is generated.,Edge computing yana sarrafa bayanai kusa da inda aka samar da su.
Edge AI performs artificial intelligence tasks on edge devices.,Edge AI yana aiwatar da ayyukan basirar wucin gadi a kan na'urorin edge.
A Raspberry Pi is a small single-board computer.,Raspberry Pi karamar kwamfuta ce mai allo guda.
A microcontroller is a small computer on an integrated circuit.,Microcontroller karamar kwamfuta ce da ke cikin integrated circuit.
Robotics combines computing, electronics, and mechanical engineering.,Robotics yana hada ilimin kwamfuta da electronics da injiniyan inji.
Robots can be programmed to perform specific tasks.,Ana iya tsara robots domin aiwatar da takamaiman ayyuka.
Cybersecurity protects computer systems from threats.,Cybersecurity yana kare tsarin kwamfuta daga barazana.
Computer security is important for protecting sensitive information.,Tsaron kwamfuta yana da muhimmanci wajen kare muhimman bayanai.
A password should be strong and difficult to guess.,Password ya kamata ya kasance mai karfi kuma mai wahalar zato.
Users should not share their passwords with other people.,Masu amfani bai kamata su raba passwords dinsu da wasu mutane ba.
Encryption protects information by converting it into a secure form.,Encryption yana kare bayanai ta hanyar mayar da su cikin tsari mai tsaro.
A firewall helps protect a network from unauthorized access.,Firewall yana taimakawa wajen kare cibiyar sadarwa daga shiga ba tare da izini ba.
A virus is a type of malicious software.,Virus wani nau'in manhaja mai cutarwa ne.
Regular backups help prevent data loss.,Ajiyar bayanai akai-akai tana taimakawa wajen hana asarar bayanai.
Operating systems manage computer hardware and software.,Operating systems suna sarrafa kayan aikin kwamfuta da manhaja.
Windows is an operating system.,Windows operating system ne.
Linux is an open-source operating system.,Linux operating system ne mai bude tushe.
An application is software designed to perform a specific task.,Application manhaja ce da aka tsara domin aiwatar da takamaiman aiki.
A web browser is used to access websites.,Ana amfani da web browser wajen shiga shafukan yanar gizo.
A website is a collection of web pages.,Website tarin shafukan yanar gizo ne.
HTML is used to structure web pages.,Ana amfani da HTML wajen tsara shafukan yanar gizo.
CSS is used to style web pages.,Ana amfani da CSS wajen kawata shafukan yanar gizo.
JavaScript adds interactivity to web pages.,JavaScript yana kara hulda da aiki a shafukan yanar gizo.
Flask is a Python web framework.,Flask wani tsarin gina manhajar yanar gizo ne na Python.
A web application runs through a web browser.,Web application tana aiki ta hanyar web browser.
A user interface allows users to interact with a system.,User interface yana bai wa masu amfani damar hulda da tsarin.
A graphical user interface uses visual elements to interact with users.,Graphical user interface yana amfani da abubuwan gani wajen hulda da masu amfani.
Good interface design improves user experience.,Kyakkyawan tsarin interface yana inganta kwarewar mai amfani.
A responsive website adapts to different screen sizes.,Responsive website yana dacewa da girman fuska daban-daban.
Software testing helps identify errors in a program.,Gwajin manhaja yana taimakawa wajen gano kurakurai a cikin program.
Debugging is the process of finding and fixing errors.,Debugging tsari ne na gano da gyara kurakurai.
Testing is important before software is deployed.,Gwaji yana da muhimmanci kafin a fara amfani da manhaja.
Documentation explains how a software system works.,Takardun bayani suna bayyana yadda tsarin manhaja yake aiki.
A software project requires proper planning.,Aikin gina manhaja yana bukatar kyakkyawan tsari.
System analysis identifies the requirements of a system.,Nazarin tsarin yana gano bukatun tsarin.
System design describes how a system will be built.,Tsarin system yana bayyana yadda za a gina tsarin.
A requirement describes what a system should do.,Requirement yana bayyana abin da tsarin ya kamata ya yi.
Functional requirements describe the functions of a system.,Functional requirements suna bayyana ayyukan tsarin.
Non-functional requirements describe the quality attributes of a system.,Non-functional requirements suna bayyana siffofin ingancin tsarin.
A software engineer designs and develops software systems.,Software engineer yana tsarawa da gina tsarin manhaja.
A computer scientist studies computation and information.,Masanin ilimin kwamfuta yana nazarin lissafi da bayanai.
A researcher collects and analyzes data.,Mai bincike yana tattara da nazarin bayanai.
Research is a systematic process of investigating a problem.,Bincike tsari ne na binciken matsala cikin tsari.
A research problem should be clearly defined.,Ya kamata a bayyana matsalar bincike a sarari.
Research objectives describe what the study aims to achieve.,Manufofin bincike suna bayyana abin da binciken yake son cimmawa.
Research questions guide the research process.,Tambayoyin bincike suna jagorantar tsarin bincike.
A literature review examines previous studies on a topic.,Nazarin wallafe-wallafe yana duba binciken da aka yi a baya kan wani batu.
Data collection is an important part of research.,Tattara bayanai muhimmin bangare ne na bincike.
Researchers should use reliable sources.,Masu bincike ya kamata su yi amfani da ingantattun tushe.
Academic writing should be clear and organized.,Rubutun ilimi ya kamata ya kasance a sarari kuma cikin tsari.
An academic paper presents research findings.,Takardar ilimi tana gabatar da sakamakon bincike.
A thesis presents the results of a detailed research study.,Thesis tana gabatar da sakamakon cikakken bincike.
A dissertation is a detailed academic research work.,Dissertation cikakken aikin bincike ne na ilimi.
A research methodology describes how a study is conducted.,Research methodology tana bayyana yadda ake gudanar da bincike.
A conclusion summarizes the main findings of a study.,Kammalawa tana takaita manyan sakamakon bincike.
Recommendations suggest possible actions based on research findings.,Shawarwari suna bayar da shawarar matakan da za a dauka bisa sakamakon bincike.
References provide information about the sources used in a study.,References suna bayar da bayanai game da tushen da aka yi amfani da su a bincike.
A citation gives credit to the original source of information.,Citation yana bai wa tushen asali na bayani hakkinsa.
A hypothesis is a proposed explanation that can be tested.,Hypothesis bayani ne da aka gabatar wanda za a iya gwadawa.
An experiment is used to test a hypothesis.,Ana amfani da gwaji wajen tabbatar da hypothesis.
The researcher recorded the results of the experiment.,Mai binciken ya rubuta sakamakon gwajin.
The results were analyzed using statistical methods.,An nazarci sakamakon ta amfani da hanyoyin statistics.
The study produced useful findings.,Binciken ya samar da sakamako mai amfani.
The findings support the research hypothesis.,Sakamakon binciken yana goyon bayan hypothesis din bincike.
The proposed system was tested successfully.,An yi nasarar gwada tsarin da aka gabatar.
The system performed well during testing.,Tsarin ya yi aiki yadda ya kamata yayin gwaji.
The system can process English sentences.,Tsarin na iya sarrafa jimlolin Turanci.
The system can translate English into Hausa.,Tsarin na iya fassara Turanci zuwa Hausa.
The translator processes the input text.,Mai fassara yana sarrafa rubutun da aka shigar.
The translation system uses a bilingual database.,Tsarin fassarar yana amfani da ma'adanar bayanai mai harsuna biyu.
The database contains English and Hausa sentences.,Ma'adanar bayanan ta kunshi jimlolin Turanci da Hausa.
The system searches the database for a matching translation.,Tsarin yana bincika ma'adanar bayanai domin samun fassarar da ta dace.
The input sentence is normalized before searching.,Ana daidaita jimlar da aka shigar kafin bincike.
Text normalization improves matching accuracy.,Daidaita rubutu yana inganta daidaiton bincike.
The system can process multiple sentences.,Tsarin na iya sarrafa jimloli da yawa.
The system can translate a complete paragraph.,Tsarin na iya fassara cikakken sakin layi.
The translated sentences are combined into a paragraph.,Ana hada jimlolin da aka fassara su zama sakin layi.
The system displays the translation to the user.,Tsarin yana nuna fassarar ga mai amfani.
The user can copy the translated text.,Mai amfani zai iya kwafe rubutun da aka fassara.
The application provides a simple user interface.,Manhajar tana samar da saukin amfani da interface.
The application runs locally on the computer.,Manhajar tana aiki a cikin kwamfutar.
The system does not require an internet connection.,Tsarin baya bukatar hanyar intanet.
The application is designed for English to Hausa translation.,An tsara manhajar domin fassarar Turanci zuwa Hausa.
The system should be easy to use.,Ya kamata tsarin ya kasance mai saukin amfani.
The system should provide accurate translations.,Ya kamata tsarin ya samar da ingantattun fassarori.
The system should respond quickly to user input.,Ya kamata tsarin ya amsa da sauri ga abin da mai amfani ya shigar.
The system should handle long paragraphs.,Ya kamata tsarin ya iya sarrafa dogayen sakin layi.
The system should preserve the order of sentences.,Ya kamata tsarin ya kiyaye tsarin jimloli.
The translation output should be clear and readable.,Ya kamata fassarar da aka bayar ta kasance a sarari kuma mai saukin karantawa.
English,Hausa
come,zo
go,je
eat,ci
drink,sha
sleep,yi barci
wake,tashi
sit,zauna
stand,tashi
walk,yi tafiya
run,gudu
stop,tsaya
wait,jira
listen,saurara
speak,yi magana
talk,yi magana
read,karanta
write,rubuta
learn,koya
teach,koyar
study,yi karatu
work,yi aiki
play,yi wasa
help,taimaka
ask,yi tambaya
answer,amsa
give,ba
take,dauka
bring,kawo
send,aika
receive,karba
buy,saya
sell,sayar
pay,bayar
open,bude
close,rufe
start,fara
finish,kammala
begin,fara
continue,ci gaba
stop,tsaya
return,dawo
arrive,iso
leave,tashi
enter,shiga
come back,dawo
look,duba
see,ga
hear,jini
know,sani
understand,fahimta
remember,tuna
forget,manta
think,yi tunani
want,so
need,bukata
like,so
love,kauna
hate,kiyayya
feel,jin
find,samu
lose,rasa
keep,ajiye
use,yi amfani da
make,yi
do,yi
try,gwada
change,canza
move,motsa
wait,jira
call,kira
meet,hadu
visit,ziyarci
live,zama
stay,zauna
travel,yi tafiya
drive,tuka
cook,dafa
wash,wanke
clean,tsabtace
build,gina
repair,gyara
learn,koya
teach,koyar
explain,bayyana
show,nuna
tell,faɗa
say,ce
speak,yi magana
read,karanta
write,rubuta
count,ƙirga
calculate,lissafta
search,nema
check,duba
download,sauke
upload,loda
save,ajiye
delete,goge
copy,kwafa
print,buga
install,sanya
remove,cire
connect,hada
disconnect,cire haɗi
turn on,kunnawa
turn off,kashe
enter,shiga
exit,fita
login,shiga
logout,fita
password,kalmar sirri
computer,kwamfuta
phone,waya
mobile phone,wayar hannu
laptop,kwamfutar tafi-da-gidanka
keyboard,allabur
mouse,linzamin kwamfuta
screen,fuska
monitor,na'urar nuna hoto
printer,na'urar buga takardu
camera,kamara
charger,na'urar caji
battery,baturi
cable,igiyar haɗi
file,fayil
folder,folda
document,takarda
book,littafi
pen,alkalami
pencil,fensir
paper,takarda
table,tebur
chair,kujera
door,kofa
window,taga
house,gida
room,daki
school,makaranta
classroom,aji
university,jami'a
department,sashe
office,ofis
hospital,asibiti
clinic,asibitin kananan ayyuka
market,kasuwa
shop,shago
bank,banki
mosque,masallaci
road,hanya
street,titin
city,gari
village,ƙauye
country,ƙasa
world,duniya
farm,gona
field,filin
garden,lambu
hotel,otal
restaurant,gidan abinci
station,tasha
airport,filin jirgin sama
police,'yan sanda
doctor,likita
nurse,ma'aikaciyar jinya
teacher,malami
student,dalibi
lecturer,malamin jami'a
professor,farfesa
researcher,mai bincike
engineer,injiniya
programmer,mai shirye-shiryen kwamfuta
developer,mai haɓaka manhaja
scientist,masanin kimiyya
friend,aboki
family,iyali
father,uba
mother,mama
parent,iyaye
brother,ɗan'uwa namiji
sister,ɗan'uwa mace
son,ɗa
daughter,ɗiya
child,yaro
children,yara
man,namiji
woman,mace
boy,yaro
girl,yarinya
person,mutum
people,mutane
teacher,malami
student,dalibi
customer,abokin ciniki
seller,mai sayarwa
driver,mai tuki
worker,ma'aikaci
manager,manaja
leader,shugaba
government,gwamnati
president,shugaban ƙasa
community,al'umma
morning,safe
afternoon,rana
evening,yamma
night,dare
today,yau
tomorrow,gobe
yesterday,jiya
now,yanzu
later,daga baya
soon,ba da jimawa ba
early,wuri
late,makare
day,kwana
week,mako
month,wata
year,shekara
time,lokaci
hour,awa
minute,minti
second,daƙiƙa
Monday,Litinin
Tuesday, Talata
Wednesday,Laraba
Thursday,Alhamis
Friday,Jumma'a
Saturday,Asabar
Sunday,Lahadi
one,ɗaya
two,biyu
three,uku
four,hudu
five,biyar
six,shida
seven,bakwai
eight,takwas
nine,tara
ten,goma
eleven,goma sha ɗaya
twelve,goma sha biyu
twenty,ashirin
thirty,arba'in
forty,arba'in
fifty,hamsin
hundred,dari
thousand,dubu
first,farko
second,na biyu
third,na uku
big,babba
small,ƙarami
large,babba
little,ƙarami
long,tsawo
short,gajere
high,mai tsawo
low,ƙasa
good,mai kyau
bad,mara kyau
beautiful,kyakkyawa
easy,sauƙi
difficult,mai wahala
hard,mai wahala
important,mai muhimmanci
useful,mai amfani
new,sabo
old,tsoho
young,saurayi
fast,mai sauri
slow,mai jinkiri
strong,mai ƙarfi
weak,mai rauni
hot,zafi
cold,sanyi
clean,mai tsabta
dirty,datti
happy,mai farin ciki
sad,mai baƙin ciki
angry,fushi
tired,gaji
hungry,jin yunwa
thirsty,jin ƙishirwa
ready,shirye
busy,mai aiki
free,ba aiki
correct,daidai
wrong,kuskure
true,gaskiya
false,ƙarya
yes,e
no,a'a
maybe,wataƙila
please,don Allah
thank you,na gode
thanks,na gode
sorry,yi hakuri
welcome,barka da zuwa
hello,sannu
goodbye,sai anjima
okay,to
really,da gaske
very,sosai
always,koyaushe
never,ba taɓa ba
sometimes,wani lokaci
here,anan
there,can
where,ina
when,yaushe
why,me ya sa
what,me
who,wa
whom,wa
whose,na wa
which,wanne
how,yaya
how much,nawa
how many,nawa
this,wannan
that,wancan
these,waɗannan
those,waɗancan
I,ni
you,kai
he,shi
she,ita
we,mu
they,su
me,ni
him,shi
her,ita
us,mu
them,su
my,na
your,naka
his,nasa
her,nata
our,nammu
their,nasu
mine,nawa
yours,naka
ours,nammu
theirs,nasu
and,da
or,ko
but,amma
because,saboda
if,idan
then,sannan
also,haka kuma
with,da
without,ba tare da
for,domin
from,daga
to,zuwa
in,cikin
on,a kan
under,a ƙarƙashin
above,a sama da
before,kafin
after,bayan
between,tsakanin
near,kusa
far,nisa
inside,ciki
outside,waje
again,sake
together,tare
only,kawai
all,duk
some,wani
many,da yawa
few,kaɗan
more,ƙari
less,ƙasa
enough,isasshe
nothing,babu komai
something,wani abu
everything,komai
someone,wani
everyone,kowa
nobody,babu kowa
I woke up early in the morning and prepared for school.,Na tashi da safe kuma na shirya zuwa makaranta.
After taking my breakfast I left the house.,Bayan na ci karin kumallo sai na bar gida.
I walked to the bus station because the road was busy.,Na yi tafiya zuwa tashar mota saboda hanya tana cike da mutane.
When I arrived at school I greeted my teacher.,Lokacin da na isa makaranta na gaishe da malamaina.
The teacher asked us to sit down and prepare for the lesson.,Malam ya ce mu zauna kuma mu shirya domin darasi.
The students opened their books and started reading.,Dalibai suka bude littattafansu suka fara karatu.
Our teacher explained the topic clearly.,Malaminnanmu ya bayyana batun a sarari.
I asked a question because I did not understand the explanation.,Na yi tambaya saboda ban fahimci bayanin ba.
The teacher explained the topic again.,Malam ya sake bayyana batun.
After the lesson we went outside for a short break.,Bayan darasin mun fita waje domin dan hutawa.
I met my friend and we talked about our examination.,Na hadu da abokina kuma muka yi magana game da jarabawar mu.
We agreed to study together after school.,Mun amince mu yi karatu tare bayan makaranta.
The examination is tomorrow so we need to prepare well.,Jarabawar gobe ce don haka muna bukatar mu shirya sosai.
I went to the library to find more information.,Na je dakin karatu domin neman karin bayani.
I found a useful book about computer science.,Na sami littafi mai amfani game da ilimin kwamfuta.
The book explains many important concepts.,Littafin yana bayanin muhimman dabaru da dama.
I read several pages before going home.,Na karanta shafuka da dama kafin na koma gida.
When I returned home my family was waiting for me.,Lokacin da na dawo gida iyalina suna jirana.
I greeted everyone and asked about their day.,Na gaishe da kowa kuma na tambaye su yadda ranarsu ta kasance.
My mother prepared food for the family.,Mahaifiyata ta shirya abinci domin iyali.
We ate together in the evening.,Mun ci abinci tare da yamma.
After dinner I helped my younger brother with his homework.,Bayan cin abinci na taimaki kanina da aikin gida.
He had difficulty understanding the mathematics question.,Ya sha wahala wajen fahimtar tambayar lissafi.
I explained the question to him step by step.,Na bayyana masa tambayar mataki-mataki.
He understood the answer after the explanation.,Ya fahimci amsar bayan bayanin.
Later I returned to my room and continued studying.,Daga baya na koma dakina na ci gaba da karatu.
I studied until I became tired.,Na yi karatu har sai da na gaji.
Before sleeping I prepared my clothes for the next day.,Kafin na yi barci na shirya tufafina domin gobe.
I set an alarm so that I would wake up early.,Na sa kararrawa domin in tashi da wuri.
The next morning I woke up before the alarm rang.,Washegari da safe na tashi kafin kararrawar ta yi kara.
I thanked God for giving me another day.,Na gode wa Allah da ya ba ni wata rana.
I washed my face and prepared for work.,Na wanke fuskata kuma na shirya zuwa aiki.
I checked my phone before leaving home.,Na duba wayata kafin na bar gida.
I received several messages from my friends.,Na karbi sakonni da dama daga abokaina.
One of my friends asked me to call him.,Daya daga cikin abokaina ya ce in kira shi.
I called him and we discussed our plans.,Na kira shi kuma muka tattauna shirye-shiryenmu.
We planned to meet at the market in the afternoon.,Mun shirya haduwa a kasuwa da rana.
When I arrived at the market it was very crowded.,Lokacin da na isa kasuwa tana cike da mutane sosai.
I wanted to buy rice vegetables and meat.,Ina son sayen shinkafa kayan lambu da nama.
I asked the seller about the price of the rice.,Na tambayi mai sayarwa farashin shinkafar.
He told me that the price had increased.,Ya gaya mini cewa farashin ya tashi.
I asked him to reduce the price.,Na roke shi ya rage farashin.
He agreed to give me a small discount.,Ya amince ya ba ni dan rangwame.
I bought the food and paid for everything.,Na sayi abincin kuma na biya komai.
After shopping I returned home.,Bayan sayayya na koma gida.
My family helped me arrange the things I bought.,Iyalina sun taimaka mini wajen shirya abubuwan da na saya.
We prepared dinner together.,Mun shirya abincin dare tare.
The food was delicious and everyone enjoyed it.,Abincin yana da dadi kuma kowa ya ji dadinsa.
After dinner we discussed our plans for the following day.,Bayan cin abinci mun tattauna shirye-shiryenmu na gobe.
I told my family that I had an examination.,Na gaya wa iyalina cewa ina da jarabawa.
They encouraged me to study hard.,Sun karfafa mini gwiwa in yi karatu sosai.
I promised to do my best.,Na yi alkawarin yin iya kokarina.
I believe that hard work leads to success.,Na yi imanin cewa aiki tukuru yana kai ga nasara.
Education is important for the development of society.,Ilimi yana da muhimmanci ga ci gaban al'umma.
Students need a good learning environment.,Dalibai suna bukatar kyakkyawan muhalli na koyo.
Teachers play an important role in education.,Malamai suna taka muhimmiyar rawa a ilimi.
Parents should encourage their children to attend school.,Iyaye ya kamata su karfafa wa yaransu gwiwa su halarci makaranta.
Every student should take education seriously.,Kowane dalibi ya kamata ya dauki ilimi da muhimmanci.
Reading regularly can improve a student's knowledge.,Karatu akai-akai na iya inganta ilimin dalibi.
Students should ask questions when they do not understand something.,Dalibai ya kamata su yi tambayoyi idan ba su fahimci wani abu ba.
A good student listens carefully during lessons.,Kyakkyawan dalibi yana sauraro da kyau yayin darasi.
Students should complete their assignments on time.,Dalibai ya kamata su kammala ayyukansu akan lokaci.
Good time management can improve academic performance.,Kyakkyawan tsarin kula da lokaci na iya inganta aikin karatu.
Computer science students need both theoretical and practical knowledge.,Daliban ilimin kwamfuta suna bukatar ilimin ka'ida da na aikace-aikace.
Programming requires practice and patience.,Programming yana bukatar atisaye da hakuri.
A programmer must understand how computer systems work.,Mai shirye-shiryen kwamfuta dole ne ya fahimci yadda tsarin kwamfuta yake aiki.
Learning a programming language takes time and practice.,Koyon harshen programming yana bukatar lokaci da atisaye.
Python is commonly used for artificial intelligence and data analysis.,Ana amfani da Python sosai wajen basirar wucin gadi da nazarin bayanai.
Artificial intelligence is changing many areas of society.,Basirar wucin gadi tana sauya fannoni da dama na al'umma.
Machine learning allows computers to learn from examples.,Machine learning yana bai wa kwamfutoci damar koyo daga misalai.
Computer vision allows machines to analyze images and videos.,Computer vision yana bai wa na'urori damar nazarin hotuna da bidiyo.
Natural language processing helps computers understand human language.,Natural language processing yana taimaka wa kwamfutoci fahimtar harshen mutane.
An intelligent system can analyze information and make decisions.,Tsarin basira na iya nazarin bayanai da yanke shawara.
A good software system should be reliable and easy to use.,Kyakkyawan tsarin manhaja ya kamata ya kasance abin dogaro kuma mai saukin amfani.
Software developers should test their systems before deployment.,Masu gina manhaja ya kamata su gwada tsarin su kafin amfani da shi.
Testing helps developers identify and correct errors.,Gwaji yana taimaka wa masu gina manhaja gano da gyara kurakurai.
A database can store a large amount of information.,Ma'adanar bayanai na iya adana bayanai masu yawa.
The translator searches the database for the correct sentence.,Mai fassara yana bincika ma'adanar bayanai domin samun jimlar da ta dace.
If the sentence exists in the database the system returns its translation.,Idan jimlar tana cikin ma'adanar bayanai tsarin zai dawo da fassararta.
If the sentence is not available the system reports that the translation was not found.,Idan babu jimlar a ma'adanar bayanai tsarin zai bayyana cewa ba a sami fassarar ba.
Adding more sentences will improve the coverage of the translation system.,Kara jimloli zai inganta yawan abubuwan da tsarin fassarar zai iya fassarawa.
The translation database can be expanded over time.,Ana iya kara girman ma'adanar fassara a hankali.
The system can be improved by adding more English Hausa sentence pairs.,Ana iya inganta tsarin ta hanyar kara wasu jimlolin Turanci da Hausa.
A large bilingual corpus can provide better translation coverage.,Babban tarin bayanai mai harsuna biyu na iya samar da karin damar fassara.
The system should preserve the meaning of the original sentence.,Ya kamata tsarin ya kiyaye ma'anar jimlar asali.
The translated text should be easy for the reader to understand.,Rubutun da aka fassara ya kamata ya kasance mai saukin fahimta ga mai karatu.
The system can be used by students teachers and researchers.,Dalibai malamai da masu bincike za su iya amfani da tsarin.
The application was developed using Python and Flask.,An gina manhajar ta amfani da Python da Flask.
The web interface allows users to enter English text easily.,Shafin yanar gizo yana bai wa masu amfani damar shigar da rubutun Turanci cikin sauki.
The user can enter a sentence or a complete paragraph.,Mai amfani zai iya shigar da jimla ko cikakken sakin layi.
The system processes each sentence separately.,Tsarin yana sarrafa kowace jimla daban.
The translated sentences are then combined into one paragraph.,Daga nan sai a hada jimlolin da aka fassara su zama sakin layi daya.
The final result is displayed in the Hausa output area.,Ana nuna sakamakon karshe a wurin fitar da Hausa.
Good morning, sir.,Ina kwana ranka ya dade.
Good morning, madam.,Ina kwana Hajiya.
How was your night?,Yaya daren naka?
My night was fine.,Daren nawa ya kasance lafiya.
How is everyone at home?,Yaya kowa a gida?
Everyone is fine.,Kowa yana lafiya.
Please sit down.,Don Allah zauna.
Thank you.,Na gode.
What can I do for you?,Me zan iya yi maka?
I want to ask you a question.,Ina son in tambaye ka wata tambaya.
Go ahead and ask me.,Ci gaba ka tambaye ni.
Where are you going?,Ina za ka?
I am going to the market.,Ina zuwa kasuwa.
What do you want to buy?,Me kake son saya?
I want to buy some food.,Ina son sayen abinci.
What kind of food do you want?,Wane irin abinci kake so?
I want to buy rice and meat.,Ina son sayen shinkafa da nama.
How much is a bag of rice?,Nawa ne buhun shinkafa?
The price is very high.,Farashin yana da tsada sosai.
Can you reduce the price?,Za ka iya rage farashin?
I can give you a small discount.,Zan iya ba ka dan rangwame.
That price is still too high.,Wannan farashin har yanzu ya yi tsada sosai.
What is your final price?,Menene farashinka na karshe?
I will buy it at that price.,Zan saya a wannan farashin.
Please pack everything for me.,Don Allah shirya mini komai.
Here is your money.,Ga kudinka.
Here is your change.,Ga sauran kudinka.
Thank you for buying from me.,Na gode da sayayya a wurina.
You are welcome.,Babu komai.
I need to go to the hospital.,Ina bukatar zuwa asibiti.
What happened?,Me ya faru?
I am not feeling well.,Ba na jin dadi.
Where do you feel pain?,Ina kake jin ciwo?
I have a headache.,Ina jin ciwon kai.
I have been feeling sick since yesterday.,Tun jiya nake jin rashin lafiya.
You should see a doctor.,Ya kamata ka ga likita.
Where is the nearest hospital?,Ina asibitin da ya fi kusa?
The hospital is not far from here.,Asibitin ba shi da nisa da nan.
Please take me there.,Don Allah kai ni can.
I need to see a doctor.,Ina bukatar ganin likita.
Please wait here.,Don Allah jira nan.
The doctor will come soon.,Likitan zai zo ba da jimawa ba.
What is your name?,Menene sunanka?
My name is Abdullahi.,Sunana Abdullahi.
What do you study?,Me kake karatu?
I study computer science.,Ina karatun ilimin kwamfuta.
Where do you study?,Ina kake karatu?
I study at the university.,Ina karatu a jami'a.
Which university do you attend?,Wace jami'a kake halarta?
I attend Yobe State University.,Ina karatu a Jami'ar Jihar Yobe.
What year are you in?,Wace shekara kake?
I am an undergraduate student.,Ni dalibin digiri ne.
What is your department?,Wane sashe kake?
I am in the Computer Sciences Department.,Ina cikin Sashen Kimiyyar Kwamfuta.
What are you studying today?,Me kuke karatu yau?
We are studying computer programming.,Muna karatun programming na kwamfuta.
Do you understand the lesson?,Ka fahimci darasin?
Yes, I understand it.,Eh, na fahimce shi.
I do not understand this part.,Ban fahimci wannan bangaren ba.
Please explain it again.,Don Allah sake bayyana shi.
The teacher explained it clearly.,Malam ya bayyana shi a sarari.
Can you help me with this question?,Za ka iya taimaka mini da wannan tambayar?
Yes, I can help you.,Eh, zan iya taimaka maka.
Let us solve the problem together.,Mu warware matsalar tare.
What is the answer?,Menene amsar?
I think this is the correct answer.,Ina ganin wannan ita ce amsar da ta dace.
You are correct.,Ka yi daidai.
That answer is wrong.,Wannan amsar ba daidai ba ce.
Try again.,Sake gwadawa.
Do not give up.,Kada ka karaya.
Keep trying.,Ci gaba da kokari.
Practice makes you better.,Atisaye yana kara inganta kwarewarka.
I have an examination tomorrow.,Ina da jarabawa gobe.
Have you prepared for the examination?,Ka shirya domin jarabawar?
Yes, I have prepared well.,Eh, na shirya sosai.
I still need to study more.,Har yanzu ina bukatar kara karatu.
Let us study together.,Mu yi karatu tare.
What subject are you studying?,Wane darasi kake karantawa?
I am studying mathematics.,Ina karatun lissafi.
I am studying computer science.,Ina karatun ilimin kwamfuta.
The examination starts at eight o'clock.,Jarabawar za ta fara karfe takwas.
Do not arrive late.,Kada ka iso a makare.
I will arrive early.,Zan iso da wuri.
Good luck in your examination.,Allah ya taimake ka a jarabawarka.
Thank you for your encouragement.,Na gode da karfafa mini gwiwa.
Where are you going now?,Ina za ka yanzu?
I am going home.,Ina komawa gida.
How will you get there?,Yaya za ka isa can?
I will take a bus.,Zan hau bas.
How much is the transport fare?,Nawa ne kudin mota?
The fare is two thousand naira.,Kudin mota naira dubu biyu ne.
That is too expensive.,Wannan ya yi tsada sosai.
Can you reduce the fare?,Za ka iya rage kudin?
I can reduce it a little.,Zan iya rage shi kadan.
Where should I get off?,Ina zan sauka?
Get off at the next bus stop.,Sauka a tashar mota ta gaba.
Please tell me when we arrive.,Don Allah ka gaya mini idan mun isa.
We have arrived.,Mun isa.
Thank you for your help.,Na gode da taimakonka.
Where is the nearest bank?,Ina bankin da ya fi kusa?
I want to open a bank account.,Ina son bude asusun banki.
What documents do I need?,Wadanne takardu nake bukata?
You need your identification document.,Kana bukatar takardar shaidarka.
Do I need a passport photograph?,Ina bukatar hoton fasfo?
Yes, you need one.,Eh, kana bukatar daya.
Where can I fill out the form?,Ina zan cike fom din?
Please fill out this form.,Don Allah cika wannan fom din.
I do not understand this form.,Ban fahimci wannan fom din ba.
Can you help me fill it out?,Za ka iya taimaka mini in cike shi?
Please sign here.,Don Allah sanya hannu a nan.
Your account has been opened.,An bude asusunka.
Thank you very much.,Na gode sosai.
I need to withdraw some money.,Ina bukatar cire wasu kudi.
I want to deposit some money.,Ina son saka wasu kudi.
The ATM is not working.,ATM din baya aiki.
Please try another ATM.,Don Allah gwada wani ATM.
I forgot my PIN.,Na manta da PIN dina.
Do not share your PIN with anyone.,Kada ka bai wa kowa PIN dinka.
My phone is not connecting to the internet.,Wayata ba ta hada da intanet ba.
The network is very slow today.,Network din yana da jinkiri sosai yau.
Can you connect to the Wi-Fi?,Za ka iya hada da Wi-Fi?
What is the Wi-Fi password?,Menene kalmar sirrin Wi-Fi?
The internet is working now.,Intanet din yana aiki yanzu.
Please send me the file.,Don Allah aika mini da fayil din.
I have sent you the file.,Na aika maka da fayil din.
Did you receive the file?,Ka karbi fayil din?
Yes, I received it.,Eh, na karbe shi.
I cannot open the file.,Ba zan iya bude fayil din ba.
The file is too large.,Fayil din ya yi girma sosai.
Please send it again.,Don Allah sake aikawa.
I will send it again.,Zan sake aikawa.
Please check your email.,Don Allah duba imel dinka.
I have checked my email.,Na duba imel dina.
I received your message.,Na karbi sakonka.
I will reply to you later.,Zan amsa maka daga baya.
Please call me when you arrive.,Don Allah kira ni idan ka iso.
I will call you when I arrive.,Zan kira ka idan na isa.
Can you hear me clearly?,Kana iya jin ni sosai?
Yes, I can hear you clearly.,Eh, ina iya jin ka sosai.
Your voice is not clear.,Muryarka ba ta fito fili ba.
Please speak slowly.,Don Allah yi magana a hankali.
Please repeat what you said.,Don Allah sake fadin abin da ka fada.
I did not hear you.,Ban ji ka ba.
Now I understand you.,Yanzu na fahimce ka.
What happened to the computer?,Me ya faru da kwamfutar?
The computer is not working.,Kwamfutar ba ta aiki.
Have you checked the power cable?,Ka duba igiyar wutar?
Yes, I have checked it.,Eh, na duba ta.
Try restarting the computer.,Gwada sake kunna kwamfutar.
The computer is working now.,Kwamfutar tana aiki yanzu.
The software needs to be updated.,Manhajar tana bukatar sabuntawa.
I need to install a new program.,Ina bukatar sanya sabon program.
The program has an error.,Program din yana da kuskure.
I will check the problem.,Zan duba matsalar.
The system is running correctly.,Tsarin yana aiki yadda ya kamata.
The application is easy to use.,Manhajar tana da saukin amfani.
The website is not opening.,Shafin yanar gizon baya budewa.
Check your internet connection.,Duba hanyar intanet dinka.
The server is not responding.,Server din baya amsawa.
The database is working correctly.,Ma'adanar bayanan tana aiki yadda ya kamata.
The translation system is ready.,Tsarin fassarar ya shirya.
Enter your English sentence here.,Shigar da jimlar Turancinka a nan.
The system will translate the sentence.,Tsarin zai fassara jimlar.
The translation was successful.,An yi nasarar fassarar.
The translation was not found.,Ba a sami fassarar ba.
Please try another sentence.,Don Allah gwada wata jimla.
The system can translate several sentences.,Tsarin na iya fassara jimloli da dama.
The system can process a paragraph.,Tsarin na iya sarrafa sakin layi.
The system searches the translation database.,Tsarin yana bincika ma'adanar fassara.
The database contains many sentences.,Ma'adanar bayanan ta kunshi jimloli da yawa.
More sentences can be added later.,Ana iya kara wasu jimloli daga baya.
The system can be improved over time.,Ana iya inganta tsarin a hankali.
The project is designed for English to Hausa translation.,An tsara aikin domin fassarar Turanci zuwa Hausa.
The system works without an internet connection.,Tsarin yana aiki ba tare da intanet ba.
The user can enter a complete paragraph.,Mai amfani zai iya shigar da cikakken sakin layi.
The output is displayed in the Hausa text area.,Ana nuna sakamakon a wurin rubutun Hausa.
The user can copy the translated text.,Mai amfani zai iya kwafe rubutun da aka fassara.
The application is running successfully.,Manhajar tana aiki cikin nasara.
The system is ready for testing.,Tsarin ya shirya domin gwaji.
The university provides students with access to education and research facilities.,Jami'a tana samar wa dalibai damar samun ilimi da wuraren gudanar da bincike.
Students attend lectures to gain knowledge about their field of study.,Dalibai suna halartar laccoci domin samun ilimi game da fannin karatunsu.
A lecturer explains important concepts during the lecture.,Malamin jami'a yana bayyana muhimman dabaru yayin lacca.
Students should take notes during lectures.,Dalibai ya kamata su rubuta bayanai yayin laccoci.
Taking notes helps students remember important information.,Rubuta bayanai yana taimaka wa dalibai su tuna muhimman bayanai.
Students should read their lecture notes after class.,Dalibai ya kamata su karanta bayanan laccarsu bayan darasi.
A student needs discipline to succeed academically.,Dalibi yana bukatar ladabi da jajircewa domin samun nasara a karatu.
Hard work and determination can lead to academic success.,Aiki tukuru da jajircewa na iya kai wa ga nasarar karatu.
Students should manage their time effectively.,Dalibai ya kamata su kula da lokacinsu yadda ya kamata.
Time management is important for university students.,Kula da lokaci yana da muhimmanci ga daliban jami'a.
A student should create a study timetable.,Dalibi ya kamata ya tsara jadawalin karatu.
A study timetable helps students organize their activities.,Jadawalin karatu yana taimaka wa dalibai tsara ayyukansu.
Students should avoid unnecessary distractions while studying.,Dalibai ya kamata su guji abubuwan da ba su da muhimmanci yayin karatu.
Regular practice improves understanding and performance.,Yin atisaye akai-akai yana inganta fahimta da aiki.
Students should revise before an examination.,Dalibai ya kamata su sake nazari kafin jarabawa.
Revision helps students prepare for examinations.,Sake nazari yana taimaka wa dalibai shirya jarabawa.
An examination measures a student's understanding of a subject.,Jarabawa tana auna fahimtar dalibi game da wani darasi.
Students should read examination questions carefully.,Dalibai ya kamata su karanta tambayoyin jarabawa a hankali.
Students should answer the easiest questions first.,Dalibai ya kamata su fara amsa tambayoyin da suka fi sauki.
A student should manage time during an examination.,Dalibi ya kamata ya kula da lokaci yayin jarabawa.
Academic research requires careful planning.,Binciken ilimi yana bukatar tsari mai kyau.
A researcher begins by identifying a research problem.,Mai bincike yana farawa ne da gano matsalar bincike.
The research problem should be clearly stated.,Ya kamata a bayyana matsalar bincike a sarari.
Research objectives explain what the researcher wants to achieve.,Manufofin bincike suna bayyana abin da mai bincike yake son cimmawa.
Research questions are developed from the research problem.,Ana samar da tambayoyin bincike daga matsalar bincike.
A literature review examines existing knowledge about a topic.,Nazarin wallafe-wallafe yana duba ilimin da ake da shi game da wani batu.
Researchers use previous studies to understand the research area.,Masu bincike suna amfani da binciken da aka yi a baya domin fahimtar fannin bincike.
A good literature review identifies gaps in existing research.,Kyakkyawan nazarin wallafe-wallafe yana gano gibi a binciken da ake da shi.
A research gap shows an area that requires further investigation.,Gibin bincike yana nuna wani fanni da ke bukatar karin bincike.
Researchers collect data to answer research questions.,Masu bincike suna tattara bayanai domin amsa tambayoyin bincike.
Data can be collected using questionnaires and interviews.,Ana iya tattara bayanai ta amfani da tambayoyi da hirarraki.
Researchers must analyze the collected data carefully.,Masu bincike dole su nazarci bayanan da aka tattara a hankali.
Data analysis helps researchers identify patterns and relationships.,Nazarin bayanai yana taimaka wa masu bincike gano alamu da dangantaka.
Research findings should be presented clearly.,Ya kamata a gabatar da sakamakon bincike a sarari.
The conclusion summarizes the major findings of the study.,Kammalawa tana takaita manyan sakamakon binciken.
Recommendations are based on the findings of the research.,Ana gina shawarwari bisa sakamakon bincike.
Future researchers can build on previous research.,Masu bincike na gaba za su iya gina bincikensu bisa binciken da aka yi a baya.
A thesis contains several important chapters.,Thesis tana kunshe da surori masu muhimmanci da dama.
The first chapter introduces the research topic.,Sura ta farko tana gabatar da batun bincike.
The second chapter usually presents the literature review.,Sura ta biyu yawanci tana gabatar da nazarin wallafe-wallafe.
The third chapter explains the research methodology.,Sura ta uku tana bayyana tsarin gudanar da bincike.
The fourth chapter presents the results.,Sura ta hudu tana gabatar da sakamakon bincike.
The fifth chapter discusses the findings and conclusion.,Sura ta biyar tana tattauna sakamakon da kammalawa.
References should be included at the end of an academic work.,Ya kamata a saka nassoshi a karshen aikin ilimi.
Researchers should cite the sources they use.,Masu bincike ya kamata su ambaci tushen bayanan da suka yi amfani da su.
Plagiarism is the use of another person's work without proper acknowledgement.,Plagiarism shi ne amfani da aikin wani mutum ba tare da ba shi hakkin da ya dace ba.
Academic writing requires proper citation and referencing.,Rubutun ilimi yana bukatar ambaton tushe da yin nassoshi yadda ya kamata.
Computer science involves the study of algorithms and computational systems.,Ilimin kwamfuta ya kunshi nazarin algorithms da tsarin lissafin kwamfuta.
Algorithms provide step-by-step instructions for solving problems.,Algorithms suna samar da umarni mataki-mataki domin warware matsaloli.
An efficient algorithm can solve a problem using fewer resources.,Ingantaccen algorithm na iya warware matsala ta amfani da albarkatu kadan.
Programming is an important skill in computer science.,Programming muhimmiyar kwarewa ce a ilimin kwamfuta.
A programmer writes instructions that a computer can execute.,Mai shirye-shiryen kwamfuta yana rubuta umarnin da kwamfuta za ta iya aiwatarwa.
Programming languages provide rules for writing computer programs.,Harsunan programming suna samar da dokoki wajen rubuta shirye-shiryen kwamfuta.
Python is widely used in software development and artificial intelligence.,Ana amfani da Python sosai wajen gina manhaja da basirar wucin gadi.
Artificial intelligence enables computers to perform tasks that normally require human intelligence.,Basirar wucin gadi tana bai wa kwamfutoci damar aiwatar da ayyukan da yawanci suke bukatar basirar mutum.
AI systems can analyze large amounts of data.,Tsarin AI na iya nazarin dimbin bayanai.
Machine learning is one of the major areas of artificial intelligence.,Machine learning yana daga cikin manyan fannoni na basirar wucin gadi.
Machine learning models learn patterns from training data.,Samfuran machine learning suna koyon alamu daga bayanan horo.
The model is trained using a collection of data.,Ana horar da samfurin ta amfani da tarin bayanai.
The trained model can make predictions on new data.,Samfurin da aka horar zai iya yin hasashe kan sabbin bayanai.
The accuracy of a model depends partly on the quality of the training data.,Daidaiton samfurin ya danganta wani bangare da ingancin bayanan horo.
More data does not always guarantee better results.,Karin bayanai ba koyaushe suke tabbatar da kyakkyawan sakamako ba.
The data must be cleaned before it is used for training.,Dole ne a tsaftace bayanan kafin a yi amfani da su wajen horo.
Data preprocessing is an important step in machine learning.,Shirya bayanai kafin sarrafawa muhimmin mataki ne a machine learning.
A neural network contains layers of interconnected neurons.,Neural network tana kunshe da matakai na neurons da aka hada da juna.
Deep learning uses neural networks with multiple layers.,Deep learning yana amfani da neural networks masu matakai da yawa.
Computer vision enables machines to process visual information.,Computer vision yana bai wa na'urori damar sarrafa bayanan gani.
Object detection identifies objects in images or videos.,Object detection yana gano abubuwa a cikin hotuna ko bidiyo.
Human pose estimation identifies important points on the human body.,Human pose estimation yana gano muhimman maki a jikin mutum.
A camera can be used to collect visual data.,Ana iya amfani da kamara wajen tattara bayanan gani.
Video data can be processed by an artificial intelligence model.,Samfurin basirar wucin gadi na iya sarrafa bayanan bidiyo.
Real-time systems process information as it is received.,Tsarin real-time yana sarrafa bayanai yayin da ake karbarsu.
Edge computing processes data close to the source of the data.,Edge computing yana sarrafa bayanai kusa da inda aka samar da su.
Edge AI combines artificial intelligence with edge computing.,Edge AI yana hada basirar wucin gadi da edge computing.
Edge devices can perform AI inference without sending all data to a remote server.,Na'urorin edge na iya aiwatar da AI inference ba tare da aika duk bayanan zuwa server mai nisa ba.
This can reduce network delay and bandwidth usage.,Wannan na iya rage jinkirin sadarwa da amfani da bandwidth.
A Raspberry Pi can be used as an edge computing device.,Ana iya amfani da Raspberry Pi a matsayin na'urar edge computing.
Embedded artificial intelligence is an important area of modern computing.,Embedded artificial intelligence muhimmin fanni ne na kwamfuta na zamani.
An embedded system is designed to perform a specific function.,An tsara embedded system domin aiwatar da wani takamaiman aiki.
Embedded systems are used in vehicles medical devices and industrial machines.,Ana amfani da embedded systems a motoci na'urorin kiwon lafiya da injinan masana'antu.
Sensors collect information from the physical environment.,Sensors suna tattara bayanai daga muhallin zahiri.
A sensor can measure temperature pressure or movement.,Sensor na iya auna zafi matsa lamba ko motsi.
The collected sensor data can be processed by a computer.,Kwamfuta na iya sarrafa bayanan da sensor ya tattara.
The Internet of Things connects physical devices through networks.,Internet of Things yana hada na'urorin zahiri ta hanyoyin sadarwa.
IoT devices can communicate and exchange information.,Na'urorin IoT na iya sadarwa da musayar bayanai.
Security is important when connecting devices to the internet.,Tsaro yana da muhimmanci yayin hada na'urori da intanet.
Cybersecurity protects systems networks and data from attacks.,Cybersecurity yana kare tsarin kwamfuta cibiyoyin sadarwa da bayanai daga hare-hare.
A strong password can help protect an account.,Kalmar sirri mai karfi na iya taimakawa wajen kare asusu.
Users should update their software regularly.,Masu amfani ya kamata su sabunta manhajarsu akai-akai.
Software updates can fix security problems.,Sabunta manhaja na iya gyara matsalolin tsaro.
A database stores information in an organized manner.,Ma'adanar bayanai tana adana bayanai cikin tsari.
A relational database stores data in tables.,Relational database tana adana bayanai a cikin tebura.
SQL can be used to retrieve information from a database.,Ana iya amfani da SQL wajen samo bayanai daga ma'adanar bayanai.
A web application allows users to interact with a system through a browser.,Web application tana bai wa masu amfani damar hulda da tsarin ta hanyar browser.
Flask can be used to develop web applications with Python.,Ana iya amfani da Flask wajen gina web applications da Python.
HTML defines the structure of a web page.,HTML yana bayyana tsarin shafin yanar gizo.
CSS controls the appearance of a web page.,CSS yana sarrafa bayyanar shafin yanar gizo.
JavaScript can make a web page interactive.,JavaScript na iya sanya shafin yanar gizo ya zama mai hulda da mai amfani.
A responsive interface should work on different screen sizes.,Responsive interface ya kamata ya yi aiki a girman fuska daban-daban.
A good user interface makes a system easier to use.,Kyakkyawan user interface yana saukaka amfani da tsarin.
The user enters English text into the translation system.,Mai amfani yana shigar da rubutun Turanci cikin tsarin fassara.
The system processes the input before searching the database.,Tsarin yana sarrafa abin da aka shigar kafin bincika ma'adanar bayanai.
The translator searches for matching English sentences.,Mai fassara yana neman jimlolin Turanci da suka dace.
The system returns the corresponding Hausa translation.,Tsarin yana dawo da fassarar Hausa da ta dace.
If no matching sentence is found the system reports that the translation is unavailable.,Idan ba a sami jimlar da ta dace ba tsarin yana bayyana cewa babu fassarar.
The system can process several sentences in one input.,Tsarin na iya sarrafa jimloli da dama a cikin shigarwa daya.
A paragraph can contain several sentences.,Sakin layi na iya kunshe da jimloli da dama.
Each sentence can be processed separately before the results are combined.,Ana iya sarrafa kowace jimla daban kafin a hada sakamakon.
The system should preserve the order of the original sentences.,Ya kamata tsarin ya kiyaye tsarin jimlolin asali.
The translation output should be clear and easy to read.,Ya kamata fassarar da aka bayar ta kasance a sarari kuma mai saukin karantawa.
The system can be improved by expanding the bilingual dataset.,Ana iya inganta tsarin ta hanyar fadada tarin bayanai mai harsuna biyu.
A larger dataset can increase the number of sentences the system can translate.,Babban tarin bayanai na iya kara yawan jimlolin da tsarin zai iya fassarawa.
The quality of the translation depends on the quality of the bilingual data.,Ingancin fassara ya danganta da ingancin bayanan harsuna biyu.
The dataset should contain accurate English and Hausa translations.,Ya kamata tarin bayanai ya kunshi ingantattun fassarorin Turanci da Hausa.
New sentences can be added to the database in the future.,Ana iya kara sabbin jimloli cikin ma'adanar bayanai a nan gaba.
The system can be tested using different types of English text.,Ana iya gwada tsarin da nau'ikan rubutun Turanci daban-daban.
Testing helps determine the strengths and limitations of the system.,Gwaji yana taimakawa wajen gano karfi da iyakokin tsarin.
The results of testing can guide future improvements.,Sakamakon gwaji na iya jagorantar ingantawa a nan gaba.
A translation system should be evaluated using appropriate performance measures.,Ya kamata a tantance tsarin fassara ta amfani da matakan auna aiki da suka dace.
Translation coverage measures how much of the input the system can translate.,Translation coverage yana auna yawan abin da tsarin zai iya fassarawa daga shigarwar.
Translation accuracy measures how close the output is to the intended meaning.,Translation accuracy yana auna yadda fassarar take kusa da ma'anar da ake nufi.
A successful translation should preserve the meaning of the original text.,Fassara mai nasara ya kamata ta kiyaye ma'anar rubutun asali.
The system should provide useful translations to students and researchers.,Ya kamata tsarin ya samar da fassarori masu amfani ga dalibai da masu bincike.
The project demonstrates how technology can support language communication.,Aikin yana nuna yadda fasaha za ta iya taimakawa wajen sadarwa tsakanin harsuna.